Time,Level,Velocity,Flow,Volume
20-Nov-2024 00:00:00,19.374,0.122,10.81,21757.49
20-Nov-2024 00:05:00,18.764,0.144,12.15,21758.204
20-Nov-2024 00:10:00,18.466,0.13,10.71,21758.862
20-Nov-2024 00:15:00,18.868,0.108,9.12,21759.43
20-Nov-2024 00:20:00,19.868,0.128,11.59,21760.1
20-Nov-2024 00:25:00,19.608,0.11,9.77,21760.704
20-Nov-2024 00:30:00,20.452,0.104,9.9,21761.3
20-Nov-2024 00:35:00,20.802,0.118,11.46,21761.964
20-Nov-2024 00:40:00,20.036,0.104,9.48,21762.556
20-Nov-2024 00:45:00,19.426,0.086,7.53,21763.038
20-Nov-2024 00:50:00,19.582,0.082,7.34,21763.482
20-Nov-2024 00:55:00,19.894,0.078,7.01,21763.906
20-Nov-2024 01:00:00,20.088,0.072,6.66,21764.31
20-Nov-2024 01:05:00,19.712,0.084,7.64,21764.75
20-Nov-2024 01:10:00,20.024,0.074,6.79,21765.168
20-Nov-2024 01:15:00,20.374,0.094,8.87,21765.674
20-Nov-2024 01:20:00,20.284,0.072,6.67,21766.1
20-Nov-2024 01:25:00,20.738,0.08,7.7,21766.556
20-Nov-2024 01:30:00,21.1,0.066,6.56,21766.962
20-Nov-2024 01:35:00,19.868,0.076,6.85,21767.368
20-Nov-2024 01:40:00,20.386,0.078,7.26,21767.802
20-Nov-2024 01:45:00,19.44,0.07,6.11,21768.178
20-Nov-2024 01:50:00,19.726,0.062,5.51,21768.514
20-Nov-2024 01:55:00,19.608,0.076,6.79,21768.908
20-Nov-2024 02:00:00,19.116,0.12,10.37,21769.486
20-Nov-2024 02:05:00,20.192,0.11,10.29,21770.106
20-Nov-2024 02:10:00,20.05,0.094,8.61,21770.646
20-Nov-2024 02:15:00,20.18,0.084,7.76,21771.118
20-Nov-2024 02:20:00,20.102,0.084,7.77,21771.586
20-Nov-2024 02:25:00,20.412,0.088,8.35,21772.08
20-Nov-2024 02:30:00,20.18,0.088,8.09,21772.564
20-Nov-2024 02:35:00,20.284,0.086,8.01,21773.052
20-Nov-2024 02:40:00,19.946,0.082,7.42,21773.502
20-Nov-2024 02:45:00,19.816,0.072,6.54,21773.902
20-Nov-2024 02:50:00,20.362,0.068,6.44,21774.292
20-Nov-2024 02:55:00,20.334,0.064,6.04,21774.658
20-Nov-2024 03:00:00,20.516,0.068,6.47,21775.042
20-Nov-2024 03:05:00,19.596,0.068,6.01,21775.408
20-Nov-2024 03:10:00,19.7,0.07,6.34,21775.784
20-Nov-2024 03:15:00,19.842,0.07,6.42,21776.172
20-Nov-2024 03:20:00,20.01,0.06,5.54,21776.514
20-Nov-2024 03:25:00,19.582,0.052,4.67,21776.804
20-Nov-2024 03:30:00,18.09,0.056,4.5,21777.076
20-Nov-2024 03:35:00,20.478,0.07,6.58,21777.442
20-Nov-2024 03:40:00,20.672,0.066,6.36,21777.832
20-Nov-2024 03:45:00,20.4,0.064,5.93,21778.19
20-Nov-2024 03:50:00,19.752,0.068,6.17,21778.556
20-Nov-2024 03:55:00,19.958,0.064,5.76,21778.91
20-Nov-2024 04:00:00,20.348,0.056,5.23,21779.228
20-Nov-2024 04:05:00,20.01,0.058,5.28,21779.546
20-Nov-2024 04:10:00,19.414,0.058,5.06,21779.85
20-Nov-2024 04:15:00,20.192,0.064,5.98,21780.198
20-Nov-2024 04:20:00,20.062,0.08,7.44,21780.63
20-Nov-2024 04:25:00,19.946,0.064,5.88,21781
20-Nov-2024 04:30:00,20.386,0.078,7.24,21781.414
20-Nov-2024 04:35:00,20.906,0.056,5.41,21781.764
20-Nov-2024 04:40:00,20.27,0.06,5.58,21782.094
20-Nov-2024 04:45:00,20.53,0.062,5.96,21782.448
20-Nov-2024 04:50:00,19.634,0.06,5.38,21782.776
20-Nov-2024 04:55:00,19.466,0.068,6.03,21783.136
20-Nov-2024 05:00:00,19.168,0.06,5.14,21783.458
20-Nov-2024 05:05:00,19.466,0.062,5.43,21783.776
20-Nov-2024 05:10:00,19.764,0.06,5.45,21784.104
20-Nov-2024 05:15:00,19.752,0.06,5.5,21784.434
20-Nov-2024 05:20:00,20.154,0.06,5.63,21784.772
20-Nov-2024 05:25:00,21.114,0.088,8.75,21785.256
20-Nov-2024 05:30:00,20.374,0.108,10.06,21785.84
20-Nov-2024 05:35:00,20.128,0.076,6.95,21786.296
20-Nov-2024 05:40:00,19.946,0.098,8.99,21786.812
20-Nov-2024 05:45:00,19.932,0.074,6.83,21787.248
20-Nov-2024 05:50:00,19.88,0.112,10.15,21787.818
20-Nov-2024 05:55:00,19.504,0.078,6.9,21788.268
20-Nov-2024 06:00:00,19.66,0.098,8.87,21788.782
20-Nov-2024 06:05:00,19.336,0.128,11.18,21789.426
20-Nov-2024 06:10:00,19.27,0.122,10.66,21790.072
20-Nov-2024 06:15:00,19.31,0.13,11.44,21790.744
20-Nov-2024 06:20:00,19.582,0.1,8.91,21791.312
20-Nov-2024 06:25:00,19.426,0.094,8.38,21791.82
20-Nov-2024 06:30:00,19.88,0.146,13.26,21792.552
20-Nov-2024 06:35:00,21.672,0.12,12.34,21793.31
20-Nov-2024 06:40:00,21.062,0.128,12.65,21794.06
20-Nov-2024 06:45:00,19.66,0.13,11.59,21794.77
20-Nov-2024 06:50:00,19.518,0.128,11.34,21795.454
20-Nov-2024 06:55:00,19.024,0.134,11.56,21796.142
20-Nov-2024 07:00:00,19.322,0.128,11.19,21796.816
20-Nov-2024 07:05:00,21.022,0.126,12.28,21797.542
20-Nov-2024 07:10:00,20.49,0.124,11.68,21798.25
20-Nov-2024 07:15:00,20.724,0.144,13.77,21799.054
20-Nov-2024 07:20:00,19.27,0.122,10.71,21799.732
20-Nov-2024 07:25:00,19.816,0.126,11.41,21800.412
20-Nov-2024 07:30:00,21.62,0.12,12.2,21801.134
20-Nov-2024 07:35:00,22.23,0.124,13.07,21801.904
20-Nov-2024 07:40:00,21.348,0.122,12.16,21802.644
20-Nov-2024 07:45:00,20.296,0.118,11.03,21803.318
20-Nov-2024 07:50:00,22.632,0.128,13.86,21804.122
20-Nov-2024 07:55:00,21.776,0.124,12.79,21804.898
20-Nov-2024 08:00:00,20.154,0.124,11.41,21805.602
20-Nov-2024 08:05:00,19.518,0.142,12.56,21806.34
20-Nov-2024 08:10:00,20.97,0.148,14.45,21807.186
20-Nov-2024 08:15:00,20.53,0.116,11.11,21807.888
20-Nov-2024 08:20:00,21.1,0.102,10.02,21808.508
20-Nov-2024 08:25:00,20.698,0.106,10.08,21809.11
20-Nov-2024 08:30:00,20.452,0.126,11.92,21809.806
20-Nov-2024 08:35:00,19.258,0.104,8.99,21810.382
20-Nov-2024 08:40:00,20.464,0.12,11.36,21811.034
20-Nov-2024 08:45:00,20.504,0.118,11.22,21811.706
20-Nov-2024 08:50:00,20.556,0.116,11.13,21812.376
20-Nov-2024 08:55:00,20.478,0.096,9.16,21812.95
20-Nov-2024 09:00:00,20.258,0.116,10.84,21813.58
20-Nov-2024 09:05:00,20.334,0.124,11.68,21814.27
20-Nov-2024 09:10:00,20.348,0.124,11.63,21814.97
20-Nov-2024 09:15:00,20.894,0.144,13.91,21815.774
20-Nov-2024 09:20:00,20.738,0.126,12.18,21816.524
20-Nov-2024 09:25:00,21.022,0.128,12.52,21817.27
20-Nov-2024 09:30:00,19.44,0.112,9.96,21817.9
20-Nov-2024 09:35:00,20.284,0.116,10.78,21818.54
20-Nov-2024 09:40:00,19.634,0.112,10.11,21819.15
20-Nov-2024 09:45:00,19.194,0.1,8.74,21819.694
20-Nov-2024 09:50:00,19.802,0.112,10.13,21820.288
20-Nov-2024 09:55:00,19.802,0.11,10.02,21820.89
20-Nov-2024 10:00:00,19.27,0.088,7.66,21821.378
20-Nov-2024 10:05:00,19.53,0.13,11.47,21822.022
20-Nov-2024 10:10:00,20.712,0.116,11.12,21822.688
20-Nov-2024 10:15:00,21.646,0.118,12.01,21823.396
20-Nov-2024 10:20:00,19.932,0.116,10.64,21824.052
20-Nov-2024 10:25:00,18.738,0.104,8.79,21824.604
20-Nov-2024 10:30:00,18.79,0.128,10.83,21825.23
20-Nov-2024 10:35:00,18.726,0.116,9.72,21825.824
20-Nov-2024 10:40:00,19.53,0.114,10.14,21826.428
20-Nov-2024 10:45:00,18.882,0.134,11.35,21827.094
20-Nov-2024 10:50:00,19.452,0.142,12.54,21827.83
20-Nov-2024 10:55:00,19.194,0.136,11.82,21828.548
20-Nov-2024 11:00:00,20.594,0.136,13.04,21829.322
20-Nov-2024 11:05:00,20.79,0.132,12.7,21830.088
20-Nov-2024 11:10:00,19.958,0.12,10.99,21830.768
20-Nov-2024 11:15:00,20.102,0.126,11.54,21831.452
20-Nov-2024 11:20:00,19.296,0.124,10.85,21832.11
20-Nov-2024 11:25:00,19.142,0.124,10.68,21832.752
20-Nov-2024 11:30:00,18.92,0.126,10.79,21833.4
20-Nov-2024 11:35:00,18.636,0.106,8.87,21833.954
20-Nov-2024 11:40:00,18.064,0.114,9.05,21834.492
20-Nov-2024 11:45:00,18.7,0.13,10.87,21835.128
20-Nov-2024 11:50:00,20.05,0.116,10.76,21835.772
20-Nov-2024 11:55:00,18.946,0.134,11.48,21836.452
20-Nov-2024 12:00:00,20.206,0.116,10.85,21837.11
20-Nov-2024 12:05:00,19.712,0.12,10.88,21837.768
20-Nov-2024 12:10:00,19.478,0.138,12.14,21838.476
20-Nov-2024 12:15:00,19.478,0.116,10.21,21839.116
20-Nov-2024 12:20:00,19.168,0.12,10.36,21839.736
20-Nov-2024 12:25:00,19.102,0.1,8.62,21840.276
20-Nov-2024 12:30:00,19.322,0.112,9.87,21840.852
20-Nov-2024 12:35:00,18.972,0.136,11.57,21841.522
20-Nov-2024 12:40:00,18.454,0.12,9.84,21842.132
20-Nov-2024 12:45:00,19.194,0.132,11.5,21842.802
20-Nov-2024 12:50:00,19.998,0.118,10.91,21843.468
20-Nov-2024 12:55:00,19.038,0.132,11.24,21844.136
20-Nov-2024 13:00:00,19.244,0.134,11.58,21844.83
20-Nov-2024 13:05:00,18.894,0.11,9.36,21845.418
20-Nov-2024 13:10:00,18.764,0.112,9.39,21845.978
20-Nov-2024 13:15:00,18.842,0.102,8.68,21846.506
20-Nov-2024 13:20:00,18.96,0.116,9.93,21847.09
20-Nov-2024 13:25:00,19.168,0.124,10.81,21847.73
20-Nov-2024 13:30:00,18.388,0.112,9.2,21848.3
20-Nov-2024 13:35:00,19.024,0.104,8.9,21848.834
20-Nov-2024 13:40:00,19.556,0.12,10.66,21849.452
20-Nov-2024 13:45:00,20.088,0.11,10.16,21850.068
20-Nov-2024 13:50:00,18.972,0.108,9.14,21850.63
20-Nov-2024 13:55:00,19.038,0.104,8.96,21851.172
20-Nov-2024 14:00:00,18.686,0.094,7.87,21851.656
20-Nov-2024 14:05:00,18.544,0.112,9.23,21852.19
20-Nov-2024 14:10:00,18.324,0.09,7.27,21852.652
20-Nov-2024 14:15:00,18.532,0.11,9.12,21853.18
20-Nov-2024 14:20:00,18.22,0.106,8.49,21853.698
20-Nov-2024 14:25:00,18.128,0.096,7.74,21854.168
20-Nov-2024 14:30:00,19.31,0.104,9.08,21854.7
20-Nov-2024 14:35:00,18.362,0.094,7.62,21855.17
20-Nov-2024 14:40:00,20.024,0.094,8.61,21855.676
20-Nov-2024 14:45:00,19.258,0.106,9.2,21856.22
20-Nov-2024 14:50:00,21.658,0.12,12.31,21856.922
20-Nov-2024 14:55:00,20.426,0.134,12.6,21857.678
20-Nov-2024 15:00:00,19.738,0.106,9.58,21858.286
20-Nov-2024 15:05:00,19.012,0.088,7.52,21858.76
20-Nov-2024 15:10:00,19.854,0.074,6.72,21859.178
20-Nov-2024 15:15:00,21.27,0.082,8.24,21859.652
20-Nov-2024 15:20:00,20.386,0.108,10.12,21860.238
20-Nov-2024 15:25:00,19.752,0.098,8.91,21860.784
20-Nov-2024 15:30:00,22.178,0.114,12.09,21861.474
20-Nov-2024 15:35:00,20.31,0.134,12.5,21862.22
20-Nov-2024 15:40:00,21.788,0.1,10.33,21862.866
20-Nov-2024 15:45:00,20.724,0.096,9.15,21863.43
20-Nov-2024 15:50:00,20.582,0.114,10.86,21864.06
20-Nov-2024 15:55:00,20.712,0.112,10.81,21864.71
20-Nov-2024 16:00:00,20.464,0.106,10.08,21865.32
20-Nov-2024 16:05:00,19.972,0.122,11.24,21865.976
20-Nov-2024 16:10:00,19.478,0.102,9.08,21866.55
20-Nov-2024 16:15:00,21.152,0.098,9.62,21867.124
20-Nov-2024 16:20:00,19.674,0.102,9.22,21867.68
20-Nov-2024 16:25:00,20.206,0.108,10.06,21868.27
20-Nov-2024 16:30:00,18.738,0.09,7.61,21868.758
20-Nov-2024 16:35:00,19.906,0.104,9.53,21869.306
20-Nov-2024 16:40:00,21.88,0.11,11.3,21869.964
20-Nov-2024 16:45:00,21.14,0.112,11.01,21870.628
20-Nov-2024 16:50:00,21.062,0.116,11.45,21871.312
20-Nov-2024 16:55:00,20.244,0.112,10.36,21871.946
20-Nov-2024 17:00:00,20.296,0.128,11.95,21872.646
20-Nov-2024 17:05:00,19.426,0.116,10.21,21873.278
20-Nov-2024 17:10:00,20.944,0.118,11.56,21873.952
20-Nov-2024 17:15:00,20.232,0.108,10.09,21874.578
20-Nov-2024 17:20:00,21.478,0.104,10.52,21875.204
20-Nov-2024 17:25:00,21.062,0.114,11.2,21875.866
20-Nov-2024 17:30:00,20.854,0.116,11.28,21876.544
20-Nov-2024 17:35:00,20.79,0.118,11.35,21877.224
20-Nov-2024 17:40:00,21.906,0.098,10.2,21877.848
20-Nov-2024 17:45:00,20.918,0.12,11.76,21878.538
20-Nov-2024 17:50:00,20.31,0.136,12.69,21879.288
20-Nov-2024 17:55:00,20.27,0.112,10.4,21879.936
20-Nov-2024 18:00:00,20.816,0.12,11.68,21880.62
20-Nov-2024 18:05:00,19.802,0.122,11.06,21881.296
20-Nov-2024 18:10:00,18.764,0.12,10.1,21881.91
20-Nov-2024 18:15:00,18.064,0.122,9.77,21882.502
20-Nov-2024 18:20:00,17.83,0.102,7.99,21883.004
20-Nov-2024 18:25:00,17.596,0.108,8.35,21883.5
20-Nov-2024 18:30:00,20.828,0.112,10.84,21884.12
20-Nov-2024 18:35:00,19.802,0.118,10.66,21884.762
20-Nov-2024 18:40:00,19.244,0.104,9.07,21885.322
20-Nov-2024 18:45:00,19.012,0.102,8.8,21885.854
20-Nov-2024 18:50:00,18.882,0.11,9.39,21886.408
20-Nov-2024 18:55:00,19.686,0.114,10.23,21887.016
20-Nov-2024 19:00:00,20.698,0.12,11.48,21887.692
20-Nov-2024 19:05:00,20.49,0.128,12.12,21888.406
20-Nov-2024 19:10:00,21.322,0.112,11.24,21889.094
20-Nov-2024 19:15:00,19.608,0.128,11.36,21889.774
20-Nov-2024 19:20:00,18.764,0.132,11.11,21890.446
20-Nov-2024 19:25:00,18.414,0.132,10.78,21891.092
20-Nov-2024 19:30:00,20.076,0.108,10.01,21891.7
20-Nov-2024 19:35:00,18.454,0.134,10.96,21892.348
20-Nov-2024 19:40:00,17.752,0.118,9.24,21892.92
20-Nov-2024 19:45:00,17.442,0.134,10.23,21893.526
20-Nov-2024 19:50:00,19.05,0.13,11.22,21894.186
20-Nov-2024 19:55:00,17.468,0.14,10.66,21894.832
20-Nov-2024 20:00:00,18.116,0.118,9.52,21895.416
20-Nov-2024 20:05:00,18.584,0.122,10.08,21896.018
20-Nov-2024 20:10:00,17.974,0.116,9.21,21896.58
20-Nov-2024 20:15:00,18.168,0.12,9.63,21897.154
20-Nov-2024 20:20:00,19.556,0.11,9.72,21897.734
20-Nov-2024 20:25:00,20.4,0.144,13.59,21898.506
20-Nov-2024 20:30:00,20.634,0.132,12.6,21899.27
20-Nov-2024 20:35:00,19.388,0.146,12.79,21900.036
20-Nov-2024 20:40:00,18.584,0.132,10.88,21900.71
20-Nov-2024 20:45:00,19.518,0.112,9.94,21901.32
20-Nov-2024 20:50:00,20.4,0.116,10.94,21901.96
20-Nov-2024 20:55:00,20.27,0.116,10.81,21902.61
20-Nov-2024 21:00:00,19.544,0.132,11.7,21903.3
20-Nov-2024 21:05:00,19.388,0.132,11.52,21904
20-Nov-2024 21:10:00,18.752,0.15,12.59,21904.74
20-Nov-2024 21:15:00,20.036,0.148,13.62,21905.546
20-Nov-2024 21:20:00,19.194,0.114,9.91,21906.182
20-Nov-2024 21:25:00,19.504,0.128,11.28,21906.844
20-Nov-2024 21:30:00,19.712,0.134,12.03,21907.556
20-Nov-2024 21:35:00,20.348,0.11,10.24,21908.196
20-Nov-2024 21:40:00,19.218,0.124,10.83,21908.84
20-Nov-2024 21:45:00,19.374,0.116,10.17,21909.458
20-Nov-2024 21:50:00,19.18,0.124,10.75,21910.092
20-Nov-2024 21:55:00,21.736,0.122,12.57,21910.828
20-Nov-2024 22:00:00,19.778,0.114,10.37,21911.476
20-Nov-2024 22:05:00,21.126,0.118,11.71,21912.16
20-Nov-2024 22:10:00,19.868,0.132,11.96,21912.876
20-Nov-2024 22:15:00,19.634,0.142,12.67,21913.628
20-Nov-2024 22:20:00,19.466,0.118,10.47,21914.284
20-Nov-2024 22:25:00,18.894,0.092,7.88,21914.786
20-Nov-2024 22:30:00,21.152,0.09,8.97,21915.312
20-Nov-2024 22:35:00,20.686,0.102,9.74,21915.884
20-Nov-2024 22:40:00,19.712,0.092,8.27,21916.4
20-Nov-2024 22:45:00,19.038,0.118,10.06,21916.98
20-Nov-2024 22:50:00,18.816,0.134,11.27,21917.644
20-Nov-2024 22:55:00,18.7,0.11,9.28,21918.22
20-Nov-2024 23:00:00,18.596,0.128,10.67,21918.842
20-Nov-2024 23:05:00,18.934,0.128,10.87,21919.498
20-Nov-2024 23:10:00,19.518,0.114,10.15,21920.118
20-Nov-2024 23:15:00,18.842,0.128,10.78,21920.752
20-Nov-2024 23:20:00,18.48,0.13,10.68,21921.392
20-Nov-2024 23:25:00,18.764,0.118,9.95,21922
20-Nov-2024 23:30:00,18.596,0.13,10.72,21922.632
20-Nov-2024 23:35:00,18.104,0.094,7.55,21923.128
20-Nov-2024 23:40:00,18.428,0.084,6.96,21923.548
20-Nov-2024 23:45:00,18.116,0.102,8.23,21924.03
20-Nov-2024 23:50:00,17.688,0.096,7.41,21924.482
20-Nov-2024 23:55:00,17.948,0.074,5.8,21924.85
21-Nov-2024 00:00:00,17.778,0.076,5.94,21925.208
21-Nov-2024 00:05:00,17.234,0.06,4.53,21925.496
21-Nov-2024 00:10:00,17.506,0.078,6,21925.838
21-Nov-2024 00:15:00,17.234,0.068,5.08,21926.158
21-Nov-2024 00:20:00,17.7,0.082,6.34,21926.524
21-Nov-2024 00:25:00,18.232,0.08,6.51,21926.912
21-Nov-2024 00:30:00,18.726,0.072,6.08,21927.278
21-Nov-2024 00:35:00,18.362,0.066,5.38,21927.606
21-Nov-2024 00:40:00,20.634,0.064,6.12,21927.966
21-Nov-2024 00:45:00,20.076,0.064,5.84,21928.32
21-Nov-2024 00:50:00,19.452,0.068,6.02,21928.678
21-Nov-2024 00:55:00,20.05,0.068,6.2,21929.046
21-Nov-2024 01:00:00,20.024,0.066,6.08,21929.416
21-Nov-2024 01:05:00,20.114,0.054,4.99,21929.73
21-Nov-2024 01:10:00,18.154,0.054,4.33,21929.998
21-Nov-2024 01:15:00,18.636,0.05,4.22,21930.25
21-Nov-2024 01:20:00,18.946,0.056,4.72,21930.524
21-Nov-2024 01:25:00,19.128,0.044,3.83,21930.764
21-Nov-2024 01:30:00,19.336,0.05,4.36,21931.026
21-Nov-2024 01:35:00,19.31,0.044,3.92,21931.264
21-Nov-2024 01:40:00,19.828,0.046,4.11,21931.51
21-Nov-2024 01:45:00,19.024,0.04,3.51,21931.728
21-Nov-2024 01:50:00,18.816,0.052,4.31,21931.978
21-Nov-2024 01:55:00,20.464,0.07,6.54,21932.342
21-Nov-2024 02:00:00,18.908,0.05,4.23,21932.62
21-Nov-2024 02:05:00,18.454,0.04,3.37,21932.838
21-Nov-2024 02:10:00,18.908,0.044,3.76,21933.056
21-Nov-2024 02:15:00,18.986,0.048,4.04,21933.292
21-Nov-2024 02:20:00,18.778,0.042,3.57,21933.516
21-Nov-2024 02:25:00,17.948,0.05,3.91,21933.744
21-Nov-2024 02:30:00,18.622,0.042,3.53,21933.966
21-Nov-2024 02:35:00,18.868,0.038,3.15,21934.154
21-Nov-2024 02:40:00,18.868,0.042,3.61,21934.366
21-Nov-2024 02:45:00,18.7,0.046,3.92,21934.602
21-Nov-2024 02:50:00,18.804,0.042,3.58,21934.818
21-Nov-2024 02:55:00,18.298,0.046,3.82,21935.044
21-Nov-2024 03:00:00,17.57,0.048,3.65,21935.266
21-Nov-2024 03:05:00,17.09,0.042,3.08,21935.454
21-Nov-2024 03:10:00,17.61,0.042,3.3,21935.65
21-Nov-2024 03:15:00,18.388,0.054,4.45,21935.906
21-Nov-2024 03:20:00,17.882,0.052,4.08,21936.16
21-Nov-2024 03:25:00,18.544,0.038,3.18,21936.362
21-Nov-2024 03:30:00,17.766,0.04,3.05,21936.544
21-Nov-2024 03:35:00,16.988,0.04,2.88,21936.716
21-Nov-2024 03:40:00,17.338,0.038,2.83,21936.886
21-Nov-2024 03:45:00,17.766,0.046,3.56,21937.096
21-Nov-2024 03:50:00,17.87,0.046,3.64,21937.308
21-Nov-2024 03:55:00,17.948,0.042,3.33,21937.51
21-Nov-2024 04:00:00,18.104,0.044,3.56,21937.726
21-Nov-2024 04:05:00,18.518,0.036,2.93,21937.906
21-Nov-2024 04:10:00,18.492,0.032,2.66,21938.068
21-Nov-2024 04:15:00,17.234,0.036,2.71,21938.228
21-Nov-2024 04:20:00,18.674,0.046,3.93,21938.452
21-Nov-2024 04:25:00,18.35,0.038,3.07,21938.644
21-Nov-2024 04:30:00,18.674,0.056,4.65,21938.904
21-Nov-2024 04:35:00,18.96,0.05,4.22,21939.168
21-Nov-2024 04:40:00,18.908,0.052,4.46,21939.428
21-Nov-2024 04:45:00,19.142,0.06,5.26,21939.736
21-Nov-2024 04:50:00,18.738,0.048,4.03,21939.992
21-Nov-2024 04:55:00,19.076,0.052,4.51,21940.256
21-Nov-2024 05:00:00,18.61,0.05,4.09,21940.51
21-Nov-2024 05:05:00,18.336,0.05,4.06,21940.752
21-Nov-2024 05:10:00,16.974,0.054,3.91,21940.992
21-Nov-2024 05:15:00,17.168,0.05,3.74,21941.216
21-Nov-2024 05:20:00,17.142,0.064,4.78,21941.492
21-Nov-2024 05:25:00,17.052,0.11,8.14,21941.942
21-Nov-2024 05:30:00,18.128,0.074,5.94,21942.32
21-Nov-2024 05:35:00,18.052,0.048,3.85,21942.574
21-Nov-2024 05:40:00,17.752,0.054,4.17,21942.82
21-Nov-2024 05:45:00,17.272,0.048,3.61,21943.046
21-Nov-2024 05:50:00,17.896,0.074,5.81,21943.37
21-Nov-2024 05:55:00,17.7,0.072,5.58,21943.704
21-Nov-2024 06:00:00,17.648,0.072,5.53,21944.034
21-Nov-2024 06:05:00,18.466,0.056,4.66,21944.324
21-Nov-2024 06:10:00,17.428,0.07,5.31,21944.636
21-Nov-2024 06:15:00,17.116,0.086,6.4,21945.012
21-Nov-2024 06:20:00,16.896,0.1,7.34,21945.442
21-Nov-2024 06:25:00,16.26,0.092,6.4,21945.834
21-Nov-2024 06:30:00,16.546,0.104,7.43,21946.27
21-Nov-2024 06:35:00,17.74,0.126,9.78,21946.824
21-Nov-2024 06:40:00,16.754,0.116,8.37,21947.348
21-Nov-2024 06:45:00,16.52,0.124,8.77,21947.866
21-Nov-2024 06:50:00,16.65,0.118,8.44,21948.378
21-Nov-2024 06:55:00,17.012,0.078,5.67,21948.752
21-Nov-2024 07:00:00,17.298,0.09,6.81,21949.148
21-Nov-2024 07:05:00,16.754,0.096,6.95,21949.566
21-Nov-2024 07:10:00,17.986,0.1,7.96,21950.026
21-Nov-2024 07:15:00,18.078,0.132,10.53,21950.624
21-Nov-2024 07:20:00,16.792,0.116,8.42,21951.158
21-Nov-2024 07:25:00,18.636,0.112,9.37,21951.708
21-Nov-2024 07:30:00,17,0.132,9.67,21952.284
21-Nov-2024 07:35:00,16.936,0.132,9.69,21952.864
21-Nov-2024 07:40:00,16.208,0.116,7.94,21953.364
21-Nov-2024 07:45:00,17.804,0.11,8.67,21953.876
21-Nov-2024 07:50:00,16.13,0.112,7.63,21954.348
21-Nov-2024 07:55:00,16.676,0.114,8.21,21954.832
21-Nov-2024 08:00:00,17.22,0.122,9.11,21955.37
21-Nov-2024 08:05:00,16.494,0.098,6.92,21955.808
21-Nov-2024 08:10:00,16.584,0.092,6.53,21956.202
21-Nov-2024 08:15:00,17.22,0.1,7.43,21956.64
21-Nov-2024 08:20:00,17.934,0.11,8.71,21957.146
21-Nov-2024 08:25:00,17.246,0.104,7.76,21957.626
21-Nov-2024 08:30:00,17.052,0.086,6.41,21958.024
21-Nov-2024 08:35:00,16.546,0.098,6.96,21958.436
21-Nov-2024 08:40:00,18.232,0.092,7.41,21958.88
21-Nov-2024 08:45:00,17.298,0.102,7.61,21959.33
21-Nov-2024 08:50:00,16.546,0.108,7.62,21959.788
21-Nov-2024 08:55:00,16.286,0.114,7.94,21960.264
21-Nov-2024 09:00:00,16.312,0.116,8.12,21960.744
21-Nov-2024 09:05:00,16.326,0.108,7.53,21961.2
21-Nov-2024 09:10:00,16.17,0.132,9.03,21961.73
21-Nov-2024 09:15:00,16.104,0.114,7.73,21962.208
21-Nov-2024 09:20:00,18.986,0.112,9.63,21962.764
21-Nov-2024 09:25:00,17.052,0.116,8.6,21963.288
21-Nov-2024 09:30:00,15.988,0.124,8.39,21963.798
21-Nov-2024 09:35:00,15.716,0.098,6.49,21964.212
21-Nov-2024 09:40:00,18.518,0.092,7.54,21964.65
21-Nov-2024 09:45:00,17.194,0.082,6.16,21965.036
21-Nov-2024 09:50:00,16.792,0.102,7.42,21965.462
21-Nov-2024 09:55:00,16.78,0.094,6.77,21965.878
21-Nov-2024 10:00:00,16.546,0.092,6.57,21966.272
21-Nov-2024 10:05:00,16.014,0.078,5.23,21966.606
21-Nov-2024 10:10:00,18.22,0.08,6.47,21966.982
21-Nov-2024 10:15:00,17.648,0.088,6.78,21967.38
21-Nov-2024 10:20:00,16.87,0.11,8.07,21967.852
21-Nov-2024 10:25:00,16.818,0.09,6.51,21968.262
21-Nov-2024 10:30:00,16.416,0.094,6.57,21968.652
21-Nov-2024 10:35:00,15.806,0.08,5.35,21968.986
21-Nov-2024 10:40:00,18.128,0.112,8.93,21969.482
21-Nov-2024 10:45:00,16.702,0.096,6.87,21969.918
21-Nov-2024 10:50:00,15.884,0.108,7.27,21970.352
21-Nov-2024 10:55:00,15.974,0.112,7.63,21970.8
21-Nov-2024 11:00:00,16.584,0.102,7.23,21971.242
21-Nov-2024 11:05:00,15.65,0.086,5.61,21971.594
21-Nov-2024 11:10:00,17.558,0.098,7.6,21972.028
21-Nov-2024 11:15:00,16.352,0.092,6.43,21972.432
21-Nov-2024 11:20:00,16.26,0.106,7.28,21972.854
21-Nov-2024 11:25:00,15.716,0.084,5.57,21973.212
21-Nov-2024 11:30:00,15.598,0.084,5.44,21973.536
21-Nov-2024 11:35:00,16.248,0.088,6.03,21973.896
21-Nov-2024 11:40:00,17.026,0.11,8.16,21974.362
21-Nov-2024 11:45:00,15.936,0.106,7.18,21974.804
21-Nov-2024 11:50:00,15.56,0.09,5.9,21975.17
21-Nov-2024 11:55:00,17.338,0.122,9.22,21975.68
21-Nov-2024 12:00:00,17.09,0.118,8.76,21976.214
21-Nov-2024 12:05:00,16.39,0.108,7.56,21976.68
21-Nov-2024 12:10:00,15.896,0.094,6.38,21977.082
21-Nov-2024 12:15:00,15.494,0.102,6.62,21977.472
21-Nov-2024 12:20:00,15.768,0.092,6.14,21977.846
21-Nov-2024 12:25:00,15.742,0.09,6,21978.208
21-Nov-2024 12:30:00,17.622,0.082,6.26,21978.584
21-Nov-2024 12:35:00,16.378,0.078,5.48,21978.924
21-Nov-2024 12:40:00,16.014,0.062,4.24,21979.19
21-Nov-2024 12:45:00,15.806,0.084,5.61,21979.512
21-Nov-2024 12:50:00,15.936,0.108,7.25,21979.924
21-Nov-2024 12:55:00,16.48,0.102,7.12,21980.354
21-Nov-2024 13:00:00,16.078,0.098,6.73,21980.76
21-Nov-2024 13:05:00,17.468,0.1,7.68,21981.208
21-Nov-2024 13:10:00,17.168,0.146,10.86,21981.828
21-Nov-2024 13:15:00,15.922,0.118,7.94,21982.336
21-Nov-2024 13:20:00,15.858,0.098,6.61,21982.75
21-Nov-2024 13:25:00,15.482,0.094,6.15,21983.126
21-Nov-2024 13:30:00,17.494,0.112,8.54,21983.608
21-Nov-2024 13:35:00,16.248,0.094,6.47,21984.022
21-Nov-2024 13:40:00,16.04,0.1,6.83,21984.428
21-Nov-2024 13:45:00,15.806,0.092,6.07,21984.798
21-Nov-2024 13:50:00,15.326,0.08,5.14,21985.118
21-Nov-2024 13:55:00,17.48,0.096,7.37,21985.532
21-Nov-2024 14:00:00,16.066,0.09,6.18,21985.916
21-Nov-2024 14:05:00,15.378,0.084,5.42,21986.254
21-Nov-2024 14:10:00,15.3,0.104,6.65,21986.64
21-Nov-2024 14:15:00,15.482,0.088,5.69,21986.992
21-Nov-2024 14:20:00,15.742,0.082,5.36,21987.316
21-Nov-2024 14:25:00,16.026,0.086,5.9,21987.668
21-Nov-2024 14:30:00,17.74,0.082,6.36,21988.044
21-Nov-2024 14:35:00,17.442,0.094,7.15,21988.464
21-Nov-2024 14:40:00,16.378,0.104,7.29,21988.894
21-Nov-2024 14:45:00,15.702,0.104,6.81,21989.308
21-Nov-2024 14:50:00,17.312,0.118,8.93,21989.822
21-Nov-2024 14:55:00,16.104,0.104,7.05,21990.266
21-Nov-2024 15:00:00,15.248,0.09,5.68,21990.622
21-Nov-2024 15:05:00,17.648,0.096,7.4,21991.05
21-Nov-2024 15:10:00,16.378,0.078,5.44,21991.396
21-Nov-2024 15:15:00,15.508,0.078,5.02,21991.7
21-Nov-2024 15:20:00,15.846,0.072,4.81,21991.992
21-Nov-2024 15:25:00,17.96,0.072,5.66,21992.322
21-Nov-2024 15:30:00,16.688,0.078,5.58,21992.662
21-Nov-2024 15:35:00,16.442,0.076,5.38,21992.986
21-Nov-2024 15:40:00,18.726,0.078,6.58,21993.362
21-Nov-2024 15:45:00,17.532,0.074,5.73,21993.72
21-Nov-2024 15:50:00,18.402,0.1,8.2,21994.182
21-Nov-2024 15:55:00,17.026,0.12,8.91,21994.704
21-Nov-2024 16:00:00,15.988,0.108,7.29,21995.162
21-Nov-2024 16:05:00,17.648,0.12,9.29,21995.698
21-Nov-2024 16:10:00,15.676,0.092,6.02,21996.098
21-Nov-2024 16:15:00,16.48,0.12,8.51,21996.578
21-Nov-2024 16:20:00,17.246,0.098,7.32,21997.032
21-Nov-2024 16:25:00,17.26,0.118,8.85,21997.544
21-Nov-2024 16:30:00,16.3,0.098,6.86,21997.978
21-Nov-2024 16:35:00,16.04,0.106,7.2,21998.404
21-Nov-2024 16:40:00,17.168,0.118,8.79,21998.914
21-Nov-2024 16:45:00,17.948,0.102,8.03,21999.404
21-Nov-2024 16:50:00,15.806,0.088,5.82,21999.78
21-Nov-2024 16:55:00,15.948,0.092,6.22,22000.154
21-Nov-2024 17:00:00,16.196,0.096,6.57,22000.542
21-Nov-2024 17:05:00,16.26,0.1,6.92,22000.956
21-Nov-2024 17:10:00,16.234,0.098,6.74,22001.36
21-Nov-2024 17:15:00,18.57,0.114,9.46,22001.896
21-Nov-2024 17:20:00,17.364,0.106,8.04,22002.394
21-Nov-2024 17:25:00,16.378,0.08,5.54,22002.754
21-Nov-2024 17:30:00,16.65,0.06,4.35,22003.028
21-Nov-2024 17:35:00,15.974,0.08,5.42,22003.344
21-Nov-2024 17:40:00,15.728,0.076,5.03,22003.65
21-Nov-2024 17:45:00,18.856,0.08,6.74,22004.03
21-Nov-2024 17:50:00,16.988,0.102,7.51,22004.478
21-Nov-2024 17:55:00,17.338,0.116,8.84,22004.994
21-Nov-2024 18:00:00,16.546,0.088,6.21,22005.396
21-Nov-2024 18:05:00,16.988,0.088,6.5,22005.782
21-Nov-2024 18:10:00,17.272,0.09,6.81,22006.188
21-Nov-2024 18:15:00,17.298,0.088,6.69,22006.59
21-Nov-2024 18:20:00,16.078,0.076,5.17,22006.918
21-Nov-2024 18:25:00,15.716,0.098,6.43,22007.284
21-Nov-2024 18:30:00,16.248,0.118,8.2,22007.76
21-Nov-2024 18:35:00,18.648,0.118,9.85,22008.332
21-Nov-2024 18:40:00,17.012,0.094,6.85,22008.778
21-Nov-2024 18:45:00,16.43,0.088,6.22,22009.156
21-Nov-2024 18:50:00,16.364,0.086,6.02,22009.518
21-Nov-2024 18:55:00,17.83,0.08,6.33,22009.894
21-Nov-2024 19:00:00,16.468,0.09,6.28,22010.274
21-Nov-2024 19:05:00,16.454,0.078,5.49,22010.614
21-Nov-2024 19:10:00,17.48,0.088,6.74,22011
21-Nov-2024 19:15:00,16.468,0.098,6.86,22011.416
21-Nov-2024 19:20:00,18.752,0.086,7.3,22011.844
21-Nov-2024 19:25:00,16.884,0.108,7.8,22012.306
21-Nov-2024 19:30:00,16.326,0.096,6.64,22012.72
21-Nov-2024 19:35:00,16.196,0.104,7.2,22013.144
21-Nov-2024 19:40:00,16.13,0.094,6.5,22013.542
21-Nov-2024 19:45:00,15.988,0.09,6.14,22013.916
21-Nov-2024 19:50:00,16.532,0.09,6.35,22014.294
21-Nov-2024 19:55:00,17.546,0.108,8.24,22014.77
21-Nov-2024 20:00:00,18.206,0.096,7.8,22015.238
21-Nov-2024 20:05:00,18.22,0.09,7.33,22015.682
21-Nov-2024 20:10:00,17.208,0.106,7.86,22016.146
21-Nov-2024 20:15:00,16.364,0.108,7.58,22016.608
21-Nov-2024 20:20:00,18.804,0.122,10.36,22017.196
21-Nov-2024 20:25:00,17.494,0.104,8.02,22017.704
21-Nov-2024 20:30:00,16.326,0.11,7.62,22018.168
21-Nov-2024 20:35:00,16.506,0.1,7.01,22018.596
21-Nov-2024 20:40:00,16.118,0.1,6.78,22019.008
21-Nov-2024 20:45:00,15.728,0.09,5.91,22019.37
21-Nov-2024 20:50:00,19.906,0.112,10.28,22019.936
21-Nov-2024 20:55:00,18.388,0.104,8.52,22020.468
21-Nov-2024 21:00:00,17.96,0.134,10.6,22021.082
21-Nov-2024 21:05:00,17.39,0.086,6.56,22021.522
21-Nov-2024 21:10:00,18.584,0.09,7.53,22021.96
21-Nov-2024 21:15:00,17.35,0.104,7.85,22022.426
21-Nov-2024 21:20:00,18.336,0.11,8.92,22022.952
21-Nov-2024 21:25:00,17.038,0.1,7.4,22023.412
21-Nov-2024 21:30:00,16.87,0.092,6.76,22023.828
21-Nov-2024 21:35:00,16.17,0.098,6.69,22024.23
21-Nov-2024 21:40:00,19.102,0.102,8.86,22024.734
21-Nov-2024 21:45:00,17.09,0.106,7.92,22025.216
21-Nov-2024 21:50:00,18.336,0.11,9.02,22025.75
21-Nov-2024 21:55:00,17.882,0.08,6.34,22026.164
21-Nov-2024 22:00:00,17.402,0.074,5.68,22026.512
21-Nov-2024 22:05:00,17.87,0.082,6.44,22026.884
21-Nov-2024 22:10:00,17.13,0.08,5.93,22027.248
21-Nov-2024 22:15:00,18.752,0.084,7.03,22027.656
21-Nov-2024 22:20:00,18.052,0.088,6.98,22028.076
21-Nov-2024 22:25:00,17.844,0.09,7.11,22028.504
21-Nov-2024 22:30:00,18.492,0.09,7.38,22028.942
21-Nov-2024 22:35:00,17.156,0.092,6.87,22029.358
21-Nov-2024 22:40:00,16.702,0.092,6.56,22029.76
21-Nov-2024 22:45:00,17.934,0.094,7.42,22030.192
21-Nov-2024 22:50:00,16.754,0.116,8.41,22030.688
21-Nov-2024 22:55:00,16.948,0.072,5.28,22031.038
21-Nov-2024 23:00:00,17.908,0.08,6.3,22031.404
21-Nov-2024 23:05:00,18.336,0.104,8.43,22031.888
21-Nov-2024 23:10:00,16.884,0.098,7.1,22032.326
21-Nov-2024 23:15:00,16.52,0.106,7.43,22032.77
21-Nov-2024 23:20:00,18.22,0.098,7.88,22033.236
21-Nov-2024 23:25:00,17.116,0.092,6.86,22033.658
21-Nov-2024 23:30:00,17.312,0.074,5.54,22034.004
21-Nov-2024 23:35:00,17,0.098,7.27,22034.422
21-Nov-2024 23:40:00,19.296,0.116,10.07,22034.99
21-Nov-2024 23:45:00,17.494,0.08,6.14,22035.406
21-Nov-2024 23:50:00,18.518,0.06,4.93,22035.72
21-Nov-2024 23:55:00,18.22,0.074,6.05,22036.068
22-Nov-2024 00:00:00,17.648,0.08,6.21,22036.436
22-Nov-2024 00:05:00,17.104,0.112,8.3,22036.91
22-Nov-2024 00:10:00,17.338,0.086,6.44,22037.322
22-Nov-2024 00:15:00,17.208,0.09,6.7,22037.72
22-Nov-2024 00:20:00,17.688,0.08,6.14,22038.096
22-Nov-2024 00:25:00,17.7,0.084,6.56,22038.482
22-Nov-2024 00:30:00,18.92,0.066,5.57,22038.832
22-Nov-2024 00:35:00,17.416,0.046,3.47,22039.06
22-Nov-2024 00:40:00,17.272,0.048,3.59,22039.276
22-Nov-2024 00:45:00,17.078,0.064,4.72,22039.544
22-Nov-2024 00:50:00,17.078,0.06,4.41,22039.816
22-Nov-2024 00:55:00,16.43,0.06,4.24,22040.07
22-Nov-2024 01:00:00,16.468,0.07,4.99,22040.36
22-Nov-2024 01:05:00,16.688,0.048,3.4,22040.588
22-Nov-2024 01:10:00,17.376,0.038,2.88,22040.766
22-Nov-2024 01:15:00,18.674,0.04,3.38,22040.96
22-Nov-2024 01:20:00,18.998,0.036,3.15,22041.152
22-Nov-2024 01:25:00,18.454,0.046,3.78,22041.374
22-Nov-2024 01:30:00,19.194,0.05,4.29,22041.62
22-Nov-2024 01:35:00,17.468,0.038,2.89,22041.814
22-Nov-2024 01:40:00,19.322,0.03,2.56,22041.97
22-Nov-2024 01:45:00,18.946,0.034,2.9,22042.144
22-Nov-2024 01:50:00,18.078,0.038,3.09,22042.324
22-Nov-2024 01:55:00,18.532,0.046,3.89,22042.544
22-Nov-2024 02:00:00,18.96,0.036,3.12,22042.742
22-Nov-2024 02:05:00,19.348,0.034,2.96,22042.924
22-Nov-2024 02:10:00,18.09,0.032,2.58,22043.08
22-Nov-2024 02:15:00,18.726,0.032,2.65,22043.238
22-Nov-2024 02:20:00,18.804,0.03,2.53,22043.39
22-Nov-2024 02:25:00,18.142,0.026,2.11,22043.524
22-Nov-2024 02:30:00,18.622,0.028,2.32,22043.662
22-Nov-2024 02:35:00,18.636,0.034,2.78,22043.826
22-Nov-2024 02:40:00,19.336,0.034,2.96,22044.004
22-Nov-2024 02:45:00,18.116,0.032,2.57,22044.16
22-Nov-2024 02:50:00,17.324,0.026,1.95,22044.286
22-Nov-2024 02:55:00,17.246,0.036,2.67,22044.438
22-Nov-2024 03:00:00,17.558,0.032,2.48,22044.582
22-Nov-2024 03:05:00,17.752,0.03,2.31,22044.722
22-Nov-2024 03:10:00,17.74,0.024,1.87,22044.846
22-Nov-2024 03:15:00,18.466,0.022,1.76,22044.95
22-Nov-2024 03:20:00,19.322,0.036,3.15,22045.122
22-Nov-2024 03:25:00,18.868,0.026,2.12,22045.264
22-Nov-2024 03:30:00,18.7,0.024,1.99,22045.386
22-Nov-2024 03:35:00,19.012,0.03,2.54,22045.53
22-Nov-2024 03:40:00,18.246,0.032,2.59,22045.688
22-Nov-2024 03:45:00,18.856,0.036,3.02,22045.864
22-Nov-2024 03:50:00,18.44,0.032,2.61,22046.02
22-Nov-2024 03:55:00,18.35,0.032,2.58,22046.178
22-Nov-2024 04:00:00,17.506,0.028,2.22,22046.314
22-Nov-2024 04:05:00,19.582,0.024,2.17,22046.444
22-Nov-2024 04:10:00,17.104,0.022,1.62,22046.55
22-Nov-2024 04:15:00,17.182,0.02,1.45,22046.642
22-Nov-2024 04:20:00,18.31,0.024,2.02,22046.756
22-Nov-2024 04:25:00,18.154,0.024,1.98,22046.876
22-Nov-2024 04:30:00,17.584,0.026,1.93,22046.988
22-Nov-2024 04:35:00,17.948,0.03,2.38,22047.122
22-Nov-2024 04:40:00,18.18,0.028,2.23,22047.262
22-Nov-2024 04:45:00,17.688,0.022,1.74,22047.37
22-Nov-2024 04:50:00,17.506,0.024,1.9,22047.486
22-Nov-2024 04:55:00,17.338,0.03,2.34,22047.622
22-Nov-2024 05:00:00,17.104,0.03,2.26,22047.754
22-Nov-2024 05:05:00,17.48,0.028,2.17,22047.884
22-Nov-2024 05:10:00,17.622,0.04,3.05,22048.054
22-Nov-2024 05:15:00,17.74,0.038,3.01,22048.242
22-Nov-2024 05:20:00,17.714,0.038,3.02,22048.424
22-Nov-2024 05:25:00,18.596,0.048,3.94,22048.644
22-Nov-2024 05:30:00,19.09,0.086,7.35,22049.042
22-Nov-2024 05:35:00,18.946,0.04,3.36,22049.298
22-Nov-2024 05:40:00,18.998,0.046,3.94,22049.524
22-Nov-2024 05:45:00,18.804,0.07,5.91,22049.858
22-Nov-2024 05:50:00,18.96,0.086,7.36,22050.282
22-Nov-2024 05:55:00,19.66,0.066,5.84,22050.65
22-Nov-2024 06:00:00,18.35,0.062,5.06,22050.96
22-Nov-2024 06:05:00,18.92,0.076,6.48,22051.332
22-Nov-2024 06:10:00,19.66,0.07,6.22,22051.706
22-Nov-2024 06:15:00,19.142,0.062,5.29,22052.036
22-Nov-2024 06:20:00,18.726,0.07,5.96,22052.388
22-Nov-2024 06:25:00,19.064,0.058,5.07,22052.7
22-Nov-2024 06:30:00,19.168,0.124,10.79,22053.28
22-Nov-2024 06:35:00,19.038,0.11,9.37,22053.858
22-Nov-2024 06:40:00,18.686,0.098,8.18,22054.362
22-Nov-2024 06:45:00,18.752,0.104,8.71,22054.884
22-Nov-2024 06:50:00,18.168,0.108,8.76,22055.406
22-Nov-2024 06:55:00,17.804,0.124,9.72,22055.982
22-Nov-2024 07:00:00,19.218,0.104,9.06,22056.532
22-Nov-2024 07:05:00,18.232,0.088,7.07,22056.976
22-Nov-2024 07:10:00,18.35,0.104,8.56,22057.476
22-Nov-2024 07:15:00,17.922,0.098,7.83,22057.956
22-Nov-2024 07:20:00,17.7,0.116,9.04,22058.482
22-Nov-2024 07:25:00,17.546,0.104,7.94,22058.974
22-Nov-2024 07:30:00,18.636,0.086,7.2,22059.414
22-Nov-2024 07:35:00,19.828,0.12,10.82,22060.02
22-Nov-2024 07:40:00,18.584,0.104,8.57,22060.558
22-Nov-2024 07:45:00,18.154,0.092,7.37,22061.012
22-Nov-2024 07:50:00,18.232,0.098,7.97,22061.484
22-Nov-2024 07:55:00,18.116,0.104,8.39,22061.98
22-Nov-2024 08:00:00,17.52,0.104,8.04,22062.472
22-Nov-2024 08:05:00,19.244,0.092,8.08,22062.954
22-Nov-2024 08:10:00,18.362,0.082,6.69,22063.37
22-Nov-2024 08:15:00,18.738,0.096,8.11,22063.842
22-Nov-2024 08:20:00,19.102,0.102,8.78,22064.364
22-Nov-2024 08:25:00,19.168,0.098,8.49,22064.878
22-Nov-2024 08:30:00,19.66,0.088,7.83,22065.356
22-Nov-2024 08:35:00,18.764,0.09,7.59,22065.81
22-Nov-2024 08:40:00,18.7,0.094,7.81,22066.276
22-Nov-2024 08:45:00,20.284,0.1,9.29,22066.818
22-Nov-2024 08:50:00,19.596,0.082,7.35,22067.282
22-Nov-2024 08:55:00,20.192,0.092,8.56,22067.778
22-Nov-2024 09:00:00,19.504,0.074,6.51,22068.192
22-Nov-2024 09:05:00,20.18,0.08,7.46,22068.63
22-Nov-2024 09:10:00,19.92,0.068,6.15,22069.016
22-Nov-2024 09:15:00,19.322,0.068,6.04,22069.378
22-Nov-2024 09:20:00,18.894,0.078,6.66,22069.77
22-Nov-2024 09:25:00,18.168,0.072,5.74,22070.122
22-Nov-2024 09:30:00,17.286,0.096,7.2,22070.542
22-Nov-2024 09:35:00,16.87,0.102,7.37,22070.982
22-Nov-2024 09:40:00,17.48,0.102,7.77,22071.438
22-Nov-2024 09:45:00,18.686,0.096,8.03,22071.922
22-Nov-2024 09:50:00,18.18,0.08,6.43,22072.324
22-Nov-2024 09:55:00,17.416,0.102,7.79,22072.776
22-Nov-2024 10:00:00,17.052,0.082,6.01,22073.158
22-Nov-2024 10:05:00,17.272,0.108,8.06,22073.614
22-Nov-2024 10:10:00,17.636,0.098,7.58,22074.078
22-Nov-2024 10:15:00,17.494,0.108,8.29,22074.57
22-Nov-2024 10:20:00,17.286,0.084,6.26,22074.966
22-Nov-2024 10:25:00,17.83,0.104,8.1,22075.432
22-Nov-2024 10:30:00,17.896,0.112,8.79,22075.954
22-Nov-2024 10:35:00,17.286,0.11,8.28,22076.452
22-Nov-2024 10:40:00,16.728,0.1,7.21,22076.902
22-Nov-2024 10:45:00,16.378,0.084,5.9,22077.27
22-Nov-2024 10:50:00,15.728,0.102,6.8,22077.668
22-Nov-2024 10:55:00,17.416,0.098,7.53,22078.11
22-Nov-2024 11:00:00,16.118,0.088,6.07,22078.488
22-Nov-2024 11:05:00,15.598,0.084,5.49,22078.824
22-Nov-2024 11:10:00,15.39,0.076,4.88,22079.13
22-Nov-2024 11:15:00,18.038,0.068,5.49,22079.446
22-Nov-2024 11:20:00,16.416,0.094,6.66,22079.83
22-Nov-2024 11:25:00,16.274,0.082,5.67,22080.182
22-Nov-2024 11:30:00,15.768,0.092,6.05,22080.546
22-Nov-2024 11:35:00,15.806,0.068,4.59,22080.836
22-Nov-2024 11:40:00,15.39,0.082,5.24,22081.146
22-Nov-2024 11:45:00,17.96,0.074,5.92,22081.49
22-Nov-2024 11:50:00,17.194,0.078,5.81,22081.84
22-Nov-2024 11:55:00,16.3,0.094,6.46,22082.222
22-Nov-2024 12:00:00,15.846,0.09,5.95,22082.588
22-Nov-2024 12:05:00,15.922,0.074,4.99,22082.9
22-Nov-2024 12:10:00,16.014,0.076,5.11,22083.2
22-Nov-2024 12:15:00,16.766,0.07,5.04,22083.5
22-Nov-2024 12:20:00,18.35,0.082,6.66,22083.88
22-Nov-2024 12:25:00,16.884,0.1,7.33,22084.312
22-Nov-2024 12:30:00,17.35,0.09,6.79,22084.728
22-Nov-2024 12:35:00,16.598,0.064,4.5,22085.026
22-Nov-2024 12:40:00,15.56,0.096,6.28,22085.384
22-Nov-2024 12:45:00,17.116,0.066,4.89,22085.692
22-Nov-2024 12:50:00,16.208,0.076,5.24,22086.006
22-Nov-2024 12:55:00,15.754,0.07,4.61,22086.286
22-Nov-2024 13:00:00,16,0.074,4.96,22086.58
22-Nov-2024 13:05:00,15.638,0.096,6.26,22086.944
22-Nov-2024 13:10:00,17.844,0.114,8.96,22087.444
22-Nov-2024 13:15:00,16.884,0.094,6.82,22087.878
22-Nov-2024 13:20:00,16.922,0.096,6.99,22088.296
22-Nov-2024 13:25:00,15.832,0.074,4.96,22088.62
22-Nov-2024 13:30:00,16.312,0.082,5.76,22088.96
22-Nov-2024 13:35:00,16.884,0.08,5.83,22089.31
22-Nov-2024 13:40:00,16.312,0.108,7.52,22089.74
22-Nov-2024 13:45:00,18.154,0.074,5.91,22090.11
22-Nov-2024 13:50:00,17.13,0.078,5.74,22090.46
22-Nov-2024 13:55:00,16.416,0.08,5.56,22090.794
22-Nov-2024 14:00:00,16.558,0.092,6.46,22091.172
22-Nov-2024 14:05:00,16.248,0.1,6.9,22091.578
22-Nov-2024 14:10:00,15.78,0.082,5.51,22091.924
22-Nov-2024 14:15:00,15.922,0.088,5.87,22092.27
22-Nov-2024 14:20:00,15.69,0.074,4.92,22092.58
22-Nov-2024 14:25:00,18.168,0.076,6.17,22092.936
22-Nov-2024 14:30:00,16.896,0.064,4.73,22093.234
22-Nov-2024 14:35:00,17.7,0.074,5.69,22093.562
22-Nov-2024 14:40:00,16.558,0.104,7.42,22093.99
22-Nov-2024 14:45:00,16.598,0.088,6.31,22094.384
22-Nov-2024 14:50:00,16.962,0.09,6.63,22094.78
22-Nov-2024 14:55:00,16.558,0.098,6.94,22095.188
22-Nov-2024 15:00:00,18.194,0.084,6.76,22095.598
22-Nov-2024 15:05:00,17.96,0.084,6.74,22096
22-Nov-2024 15:10:00,17.896,0.098,7.77,22096.456
22-Nov-2024 15:15:00,17.376,0.078,5.9,22096.83
22-Nov-2024 15:20:00,17.766,0.09,7.1,22097.244
22-Nov-2024 15:25:00,17.116,0.084,6.27,22097.626
22-Nov-2024 15:30:00,19.686,0.092,8.31,22098.1
22-Nov-2024 15:35:00,17.934,0.102,8.12,22098.592
22-Nov-2024 15:40:00,17.324,0.112,8.41,22099.098
22-Nov-2024 15:45:00,17.428,0.084,6.38,22099.504
22-Nov-2024 15:50:00,17.026,0.078,5.69,22099.852
22-Nov-2024 15:55:00,19.674,0.12,10.76,22100.44
22-Nov-2024 16:00:00,18.492,0.106,8.71,22100.986
22-Nov-2024 16:05:00,17.766,0.092,7.25,22101.434
22-Nov-2024 16:10:00,17.96,0.078,6.17,22101.816
22-Nov-2024 16:15:00,18.284,0.09,7.38,22102.25
22-Nov-2024 16:20:00,17.648,0.094,7.36,22102.692
22-Nov-2024 16:25:00,17.674,0.102,7.87,22103.156
22-Nov-2024 16:30:00,16.896,0.106,7.66,22103.618
22-Nov-2024 16:35:00,17.83,0.128,10.04,22104.19
22-Nov-2024 16:40:00,17.922,0.09,7.18,22104.654
22-Nov-2024 16:45:00,17.078,0.108,8.01,22105.124
22-Nov-2024 16:50:00,16.52,0.118,8.42,22105.628
22-Nov-2024 16:55:00,16.338,0.104,7.19,22106.074
22-Nov-2024 17:00:00,16.274,0.114,7.87,22106.536
22-Nov-2024 17:05:00,16.454,0.106,7.39,22106.99
22-Nov-2024 17:10:00,17.246,0.102,7.59,22107.44
22-Nov-2024 17:15:00,17.168,0.094,7.04,22107.866
22-Nov-2024 17:20:00,17.338,0.106,7.95,22108.334
22-Nov-2024 17:25:00,17.662,0.094,7.27,22108.782
22-Nov-2024 17:30:00,17.416,0.108,8.14,22109.262
22-Nov-2024 17:35:00,17.428,0.112,8.59,22109.768
22-Nov-2024 17:40:00,17.61,0.088,6.79,22110.198
22-Nov-2024 17:45:00,17.48,0.088,6.73,22110.6
22-Nov-2024 17:50:00,17.908,0.14,11.11,22111.216
22-Nov-2024 17:55:00,17.584,0.104,8.01,22111.734
22-Nov-2024 18:00:00,17.61,0.088,6.79,22112.158
22-Nov-2024 18:05:00,17.596,0.07,5.46,22112.496
22-Nov-2024 18:10:00,16.896,0.088,6.47,22112.872
22-Nov-2024 18:15:00,17.142,0.088,6.59,22113.27
22-Nov-2024 18:20:00,16.61,0.078,5.53,22113.614
22-Nov-2024 18:25:00,17.364,0.084,6.33,22113.984
22-Nov-2024 18:30:00,17.286,0.088,6.58,22114.372
22-Nov-2024 18:35:00,17.194,0.072,5.46,22114.714
22-Nov-2024 18:40:00,17.338,0.076,5.74,22115.06
22-Nov-2024 18:45:00,17.364,0.07,5.26,22115.378
22-Nov-2024 18:50:00,16.962,0.06,4.36,22115.648
22-Nov-2024 18:55:00,17.13,0.068,5.1,22115.948
22-Nov-2024 19:00:00,17.104,0.064,4.78,22116.242
22-Nov-2024 19:05:00,17.298,0.134,10.07,22116.78
22-Nov-2024 19:10:00,16.91,0.08,5.89,22117.18
22-Nov-2024 19:15:00,16.962,0.08,5.8,22117.53
22-Nov-2024 19:20:00,17.13,0.074,5.47,22117.864
22-Nov-2024 19:25:00,17.246,0.126,9.46,22118.386
22-Nov-2024 19:30:00,17.116,0.114,8.48,22118.908
22-Nov-2024 19:35:00,17.234,0.124,9.33,22119.458
22-Nov-2024 19:40:00,17.26,0.118,8.94,22119.994
22-Nov-2024 19:45:00,17.35,0.132,9.91,22120.58
22-Nov-2024 19:50:00,16.806,0.1,7.3,22121.044
22-Nov-2024 19:55:00,16.468,0.084,5.86,22121.418
22-Nov-2024 20:00:00,16.222,0.09,6.2,22121.786
22-Nov-2024 20:05:00,16.832,0.086,6.18,22122.156
22-Nov-2024 20:10:00,16.858,0.078,5.62,22122.502
22-Nov-2024 20:15:00,16.87,0.076,5.56,22122.834
22-Nov-2024 20:20:00,17.208,0.064,4.85,22123.132
22-Nov-2024 20:25:00,17.194,0.096,7.19,22123.534
22-Nov-2024 20:30:00,16.884,0.096,6.97,22123.956
22-Nov-2024 20:35:00,17.09,0.09,6.7,22124.36
22-Nov-2024 20:40:00,17.038,0.114,8.46,22124.848
22-Nov-2024 20:45:00,17.208,0.094,6.99,22125.286
22-Nov-2024 20:50:00,16.988,0.088,6.42,22125.674
22-Nov-2024 20:55:00,17.468,0.1,7.68,22126.126
22-Nov-2024 21:00:00,17.48,0.118,9.1,22126.652
22-Nov-2024 21:05:00,17.286,0.102,7.71,22127.128
22-Nov-2024 21:10:00,17.312,0.116,8.69,22127.644
22-Nov-2024 21:15:00,17.39,0.094,7.13,22128.086
22-Nov-2024 21:20:00,16.754,0.082,5.97,22128.458
22-Nov-2024 21:25:00,16.546,0.076,5.4,22128.794
22-Nov-2024 21:30:00,16.39,0.094,6.64,22129.172
22-Nov-2024 21:35:00,16.766,0.08,5.81,22129.53
22-Nov-2024 21:40:00,16.806,0.06,4.32,22129.808
22-Nov-2024 21:45:00,17.156,0.112,8.42,22130.268
22-Nov-2024 21:50:00,17.026,0.11,8.17,22130.762
22-Nov-2024 21:55:00,17.078,0.074,5.46,22131.116
22-Nov-2024 22:00:00,17.26,0.108,8.04,22131.572
22-Nov-2024 22:05:00,17.078,0.078,5.83,22131.95
22-Nov-2024 22:10:00,16.87,0.064,4.6,22132.236
22-Nov-2024 22:15:00,16.702,0.054,3.86,22132.474
22-Nov-2024 22:20:00,16.858,0.088,6.44,22132.832
22-Nov-2024 22:25:00,16.728,0.092,6.56,22133.23
22-Nov-2024 22:30:00,16.884,0.098,7.13,22133.646
22-Nov-2024 22:35:00,16.714,0.078,5.56,22134.002
22-Nov-2024 22:40:00,16.884,0.082,5.9,22134.35
22-Nov-2024 22:45:00,16.974,0.078,5.67,22134.692
22-Nov-2024 22:50:00,17.26,0.088,6.66,22135.08
22-Nov-2024 22:55:00,16.936,0.082,6.03,22135.448
22-Nov-2024 23:00:00,16.936,0.088,6.46,22135.832
22-Nov-2024 23:05:00,16.896,0.074,5.36,22136.166
22-Nov-2024 23:10:00,17.078,0.084,6.25,22136.534
22-Nov-2024 23:15:00,16.988,0.084,6.17,22136.906
22-Nov-2024 23:20:00,16.962,0.116,8.57,22137.388
22-Nov-2024 23:25:00,16.844,0.088,6.34,22137.794
22-Nov-2024 23:30:00,16.74,0.098,7.13,22138.214
22-Nov-2024 23:35:00,16.91,0.09,6.55,22138.612
22-Nov-2024 23:40:00,16.818,0.07,5.12,22138.938
22-Nov-2024 23:45:00,16.844,0.062,4.55,22139.216
22-Nov-2024 23:50:00,16.52,0.052,3.66,22139.446
22-Nov-2024 23:55:00,16.896,0.072,5.3,22139.746
23-Nov-2024 00:00:00,16.896,0.086,6.25,22140.106
23-Nov-2024 00:05:00,16.546,0.08,5.69,22140.46
23-Nov-2024 00:10:00,16.584,0.076,5.45,22140.786
23-Nov-2024 00:15:00,17.052,0.08,5.93,22141.138
23-Nov-2024 00:20:00,16.558,0.066,4.63,22141.434
23-Nov-2024 00:25:00,16.584,0.052,3.76,22141.666
23-Nov-2024 00:30:00,16.87,0.072,5.29,22141.966
23-Nov-2024 00:35:00,17.194,0.08,5.93,22142.31
23-Nov-2024 00:40:00,16.728,0.064,4.53,22142.604
23-Nov-2024 00:45:00,16.884,0.056,4.1,22142.852
23-Nov-2024 00:50:00,17.246,0.048,3.68,22143.076
23-Nov-2024 00:55:00,17.312,0.044,3.29,22143.28
23-Nov-2024 01:00:00,17.766,0.048,3.77,22143.504
23-Nov-2024 01:05:00,17.662,0.05,3.85,22143.734
23-Nov-2024 01:10:00,17.622,0.05,3.9,22143.964
23-Nov-2024 01:15:00,17.948,0.044,3.5,22144.178
23-Nov-2024 01:20:00,18.376,0.044,3.63,22144.396
23-Nov-2024 01:25:00,18.272,0.054,4.37,22144.648
23-Nov-2024 01:30:00,18.816,0.082,6.84,22145.028
23-Nov-2024 01:35:00,18.596,0.062,5.12,22145.358
23-Nov-2024 01:40:00,19.154,0.062,5.42,22145.676
23-Nov-2024 01:45:00,18.804,0.058,4.96,22145.98
23-Nov-2024 01:50:00,18.686,0.044,3.7,22146.216
23-Nov-2024 01:55:00,18.92,0.044,3.73,22146.444
23-Nov-2024 02:00:00,18.856,0.034,2.8,22146.618
23-Nov-2024 02:05:00,17.688,0.04,3.04,22146.802
23-Nov-2024 02:10:00,18.064,0.038,3.05,22146.984
23-Nov-2024 02:15:00,18.674,0.038,3.23,22147.172
23-Nov-2024 02:20:00,19.012,0.036,3.01,22147.362
23-Nov-2024 02:25:00,18.622,0.036,2.93,22147.536
23-Nov-2024 02:30:00,18.738,0.042,3.56,22147.738
23-Nov-2024 02:35:00,18.622,0.046,3.8,22147.964
23-Nov-2024 02:40:00,18.518,0.042,3.55,22148.186
23-Nov-2024 02:45:00,18.362,0.03,2.53,22148.35
23-Nov-2024 02:50:00,18.946,0.03,2.63,22148.508
23-Nov-2024 02:55:00,17.844,0.064,5.09,22148.78
23-Nov-2024 03:00:00,17.856,0.056,4.39,22149.048
23-Nov-2024 03:05:00,18.83,0.038,3.26,22149.26
23-Nov-2024 03:10:00,18.246,0.032,2.66,22149.428
23-Nov-2024 03:15:00,18.596,0.036,2.93,22149.604
23-Nov-2024 03:20:00,17.96,0.028,2.3,22149.744
23-Nov-2024 03:25:00,17.856,0.036,2.77,22149.906
23-Nov-2024 03:30:00,18.414,0.03,2.54,22150.06
23-Nov-2024 03:35:00,18.764,0.028,2.39,22150.21
23-Nov-2024 03:40:00,18.206,0.032,2.65,22150.36
23-Nov-2024 03:45:00,18.414,0.04,3.35,22150.558
23-Nov-2024 03:50:00,18.532,0.066,5.41,22150.856
23-Nov-2024 03:55:00,18.986,0.04,3.51,22151.088
23-Nov-2024 04:00:00,18.986,0.05,4.31,22151.338
23-Nov-2024 04:05:00,18.492,0.038,3.12,22151.542
23-Nov-2024 04:10:00,18.83,0.034,2.96,22151.716
23-Nov-2024 04:15:00,18.752,0.032,2.69,22151.886
23-Nov-2024 04:20:00,18.402,0.034,2.87,22152.056
23-Nov-2024 04:25:00,18.48,0.066,5.47,22152.354
23-Nov-2024 04:30:00,18.596,0.03,2.58,22152.54
23-Nov-2024 04:35:00,18.48,0.028,2.32,22152.682
23-Nov-2024 04:40:00,18.506,0.026,2.13,22152.814
23-Nov-2024 04:45:00,18.636,0.04,3.42,22153
23-Nov-2024 04:50:00,18.674,0.028,2.26,22153.152
23-Nov-2024 04:55:00,18.064,0.028,2.17,22153.284
23-Nov-2024 05:00:00,18.272,0.034,2.74,22153.438
23-Nov-2024 05:05:00,18.7,0.028,2.43,22153.59
23-Nov-2024 05:10:00,17.882,0.03,2.33,22153.732
23-Nov-2024 05:15:00,18.22,0.028,2.35,22153.872
23-Nov-2024 05:20:00,18.738,0.036,3.07,22154.044
23-Nov-2024 05:25:00,18.104,0.022,1.75,22154.168
23-Nov-2024 05:30:00,18.038,0.036,2.92,22154.326
23-Nov-2024 05:35:00,18.012,0.048,3.76,22154.544
23-Nov-2024 05:40:00,18.206,0.03,2.41,22154.702
23-Nov-2024 05:45:00,18.31,0.038,3.13,22154.882
23-Nov-2024 05:50:00,18.414,0.03,2.49,22155.04
23-Nov-2024 05:55:00,18.816,0.03,2.57,22155.198
23-Nov-2024 06:00:00,18.506,0.034,2.84,22155.366
23-Nov-2024 06:05:00,18.454,0.026,2.07,22155.496
23-Nov-2024 06:10:00,18.466,0.026,2.06,22155.616
23-Nov-2024 06:15:00,18.428,0.032,2.61,22155.768
23-Nov-2024 06:20:00,18.258,0.036,2.97,22155.944
23-Nov-2024 06:25:00,17.934,0.028,2.17,22156.084
23-Nov-2024 06:30:00,17.934,0.038,3.01,22156.254
23-Nov-2024 06:35:00,18.284,0.032,2.54,22156.41
23-Nov-2024 06:40:00,18.402,0.03,2.39,22156.552
23-Nov-2024 06:45:00,18.48,0.038,3.07,22156.732
23-Nov-2024 06:50:00,18.882,0.058,4.97,22157.01
23-Nov-2024 06:55:00,18.584,0.046,3.79,22157.246
23-Nov-2024 07:00:00,18.778,0.048,4.04,22157.49
23-Nov-2024 07:05:00,18.648,0.04,3.27,22157.692
23-Nov-2024 07:10:00,18.232,0.038,3.08,22157.882
23-Nov-2024 07:15:00,18.038,0.044,3.53,22158.088
23-Nov-2024 07:20:00,18.752,0.04,3.3,22158.29
23-Nov-2024 07:25:00,18.57,0.054,4.48,22158.546
23-Nov-2024 07:30:00,17.52,0.046,3.56,22158.768
23-Nov-2024 07:35:00,17.856,0.056,4.37,22159.018
23-Nov-2024 07:40:00,18.194,0.058,4.63,22159.294
23-Nov-2024 07:45:00,17.986,0.044,3.53,22159.518
23-Nov-2024 07:50:00,18.31,0.058,4.69,22159.784
23-Nov-2024 07:55:00,18.972,0.074,6.29,22160.144
23-Nov-2024 08:00:00,18.7,0.068,5.71,22160.492
23-Nov-2024 08:05:00,18.804,0.05,4.15,22160.76
23-Nov-2024 08:10:00,18.986,0.058,4.91,22161.05
23-Nov-2024 08:15:00,19.024,0.056,4.82,22161.342
23-Nov-2024 08:20:00,19.348,0.054,4.65,22161.616
23-Nov-2024 08:25:00,18.492,0.06,4.95,22161.91
23-Nov-2024 08:30:00,18.622,0.078,6.51,22162.282
23-Nov-2024 08:35:00,18,0.086,6.84,22162.688
23-Nov-2024 08:40:00,17.726,0.094,7.34,22163.122
23-Nov-2024 08:45:00,18.09,0.086,6.84,22163.538
23-Nov-2024 08:50:00,18.402,0.086,7,22163.956
23-Nov-2024 08:55:00,18.038,0.09,7.1,22164.384
23-Nov-2024 09:00:00,17.532,0.116,8.98,22164.902
23-Nov-2024 09:05:00,17.116,0.122,9.08,22165.442
23-Nov-2024 09:10:00,17.09,0.112,8.27,22165.95
23-Nov-2024 09:15:00,17.974,0.118,9.43,22166.506
23-Nov-2024 09:20:00,17.778,0.122,9.48,22167.068
23-Nov-2024 09:25:00,17.402,0.106,8.08,22167.572
23-Nov-2024 09:30:00,16.962,0.104,7.66,22168.038
23-Nov-2024 09:35:00,17,0.126,9.27,22168.57
23-Nov-2024 09:40:00,16.468,0.096,6.72,22169.008
23-Nov-2024 09:45:00,17.584,0.102,7.84,22169.466
23-Nov-2024 09:50:00,17.038,0.098,7.22,22169.904
23-Nov-2024 09:55:00,16.87,0.1,7.22,22170.342
23-Nov-2024 10:00:00,17.52,0.092,6.99,22170.758
23-Nov-2024 10:05:00,17.532,0.108,8.27,22171.24
23-Nov-2024 10:10:00,17.376,0.104,7.87,22171.716
23-Nov-2024 10:15:00,16.676,0.096,6.89,22172.146
23-Nov-2024 10:20:00,16.61,0.1,7.09,22172.566
23-Nov-2024 10:25:00,16.688,0.116,8.39,22173.058
23-Nov-2024 10:30:00,16.144,0.112,7.72,22173.528
23-Nov-2024 10:35:00,18,0.134,10.6,22174.124
23-Nov-2024 10:40:00,17.416,0.122,9.29,22174.698
23-Nov-2024 10:45:00,16.572,0.118,8.34,22175.21
23-Nov-2024 10:50:00,16.728,0.114,8.21,22175.71
23-Nov-2024 10:55:00,16.936,0.116,8.45,22176.21
23-Nov-2024 11:00:00,16.572,0.112,8,22176.694
23-Nov-2024 11:05:00,16.546,0.122,8.59,22177.206
23-Nov-2024 11:10:00,16.936,0.108,7.83,22177.686
23-Nov-2024 11:15:00,16.13,0.106,7.19,22178.124
23-Nov-2024 11:20:00,16.454,0.11,7.7,22178.578
23-Nov-2024 11:25:00,16.3,0.086,6,22178.958
23-Nov-2024 11:30:00,16.222,0.088,6.03,22179.318
23-Nov-2024 11:35:00,16.624,0.082,5.87,22179.67
23-Nov-2024 11:40:00,16.222,0.106,7.33,22180.092
23-Nov-2024 11:45:00,16.092,0.12,8.19,22180.58
23-Nov-2024 11:50:00,16.352,0.124,8.65,22181.088
23-Nov-2024 11:55:00,16.378,0.112,7.8,22181.566
23-Nov-2024 12:00:00,16.196,0.116,7.93,22182.044
23-Nov-2024 12:05:00,15.858,0.12,8.04,22182.524
23-Nov-2024 12:10:00,16.688,0.12,8.67,22183.036
23-Nov-2024 12:15:00,16.702,0.116,8.4,22183.548
23-Nov-2024 12:20:00,16.234,0.094,6.48,22183.954
23-Nov-2024 12:25:00,16.092,0.09,6.13,22184.326
23-Nov-2024 12:30:00,16.13,0.096,6.57,22184.72
23-Nov-2024 12:35:00,15.806,0.084,5.61,22185.064
23-Nov-2024 12:40:00,15.754,0.11,7.34,22185.482
23-Nov-2024 12:45:00,15.494,0.092,5.97,22185.858
23-Nov-2024 12:50:00,15.52,0.098,6.4,22186.242
23-Nov-2024 12:55:00,15.314,0.086,5.47,22186.576
23-Nov-2024 13:00:00,16.066,0.102,6.89,22186.976
23-Nov-2024 13:05:00,16,0.076,5.15,22187.308
23-Nov-2024 13:10:00,16.04,0.096,6.5,22187.682
23-Nov-2024 13:15:00,15.936,0.104,6.99,22188.096
23-Nov-2024 13:20:00,15.598,0.084,5.54,22188.444
23-Nov-2024 13:25:00,15.846,0.086,5.8,22188.79
23-Nov-2024 13:30:00,15.378,0.092,5.85,22189.14
23-Nov-2024 13:35:00,15.728,0.102,6.69,22189.53
23-Nov-2024 13:40:00,18.324,0.082,6.75,22189.93
23-Nov-2024 13:45:00,18.142,0.08,6.46,22190.322
23-Nov-2024 13:50:00,18.09,0.082,6.5,22190.712
23-Nov-2024 13:55:00,17.416,0.088,6.74,22191.118
23-Nov-2024 14:00:00,17.324,0.088,6.69,22191.52
23-Nov-2024 14:05:00,16.922,0.106,7.74,22191.968
23-Nov-2024 14:10:00,16.404,0.12,8.38,22192.46
23-Nov-2024 14:15:00,16.078,0.102,6.94,22192.896
23-Nov-2024 14:20:00,15.716,0.084,5.56,22193.244
23-Nov-2024 14:25:00,16.39,0.092,6.45,22193.622
23-Nov-2024 14:30:00,16.144,0.112,7.69,22194.068
23-Nov-2024 14:35:00,15.52,0.106,6.88,22194.496
23-Nov-2024 14:40:00,16.222,0.136,9.43,22195.028
23-Nov-2024 14:45:00,16.156,0.114,7.77,22195.516
23-Nov-2024 14:50:00,16.17,0.122,8.42,22196.01
23-Nov-2024 14:55:00,15.716,0.102,6.71,22196.43
23-Nov-2024 15:00:00,15.664,0.096,6.3,22196.814
23-Nov-2024 15:05:00,15.676,0.096,6.33,22197.194
23-Nov-2024 15:10:00,16.326,0.084,5.82,22197.55
23-Nov-2024 15:15:00,15.702,0.082,5.48,22197.884
23-Nov-2024 15:20:00,15.456,0.122,7.82,22198.326
23-Nov-2024 15:25:00,15.442,0.122,7.81,22198.796
23-Nov-2024 15:30:00,15.742,0.112,7.35,22199.242
23-Nov-2024 15:35:00,16.118,0.114,7.82,22199.706
23-Nov-2024 15:40:00,15.962,0.098,6.67,22200.12
23-Nov-2024 15:45:00,15.702,0.084,5.52,22200.464
23-Nov-2024 15:50:00,15.754,0.1,6.67,22200.85
23-Nov-2024 15:55:00,15.794,0.098,6.58,22201.25
23-Nov-2024 16:00:00,16.248,0.112,7.79,22201.698
23-Nov-2024 16:05:00,15.922,0.078,5.22,22202.046
23-Nov-2024 16:10:00,15.846,0.106,7.12,22202.446
23-Nov-2024 16:15:00,15.884,0.108,7.27,22202.882
23-Nov-2024 16:20:00,15.702,0.104,6.84,22203.298
23-Nov-2024 16:25:00,16.728,0.092,6.56,22203.692
23-Nov-2024 16:30:00,16.48,0.11,7.81,22204.146
23-Nov-2024 16:35:00,15.988,0.064,4.29,22204.448
23-Nov-2024 16:40:00,15.884,0.098,6.62,22204.82
23-Nov-2024 16:45:00,15.936,0.104,6.94,22205.228
23-Nov-2024 16:50:00,15.832,0.098,6.49,22205.622
23-Nov-2024 16:55:00,15.988,0.12,8.12,22206.092
23-Nov-2024 17:00:00,16.598,0.072,5.18,22206.438
23-Nov-2024 17:05:00,16.326,0.06,4.18,22206.7
23-Nov-2024 17:10:00,16.352,0.068,4.7,22206.974
23-Nov-2024 17:15:00,16.312,0.068,4.7,22207.254
23-Nov-2024 17:20:00,16.676,0.088,6.31,22207.614
23-Nov-2024 17:25:00,16.404,0.08,5.63,22207.962
23-Nov-2024 17:30:00,16.196,0.088,6.11,22208.326
23-Nov-2024 17:35:00,15.872,0.08,5.34,22208.656
23-Nov-2024 17:40:00,16.43,0.088,6.17,22209.016
23-Nov-2024 17:45:00,15.962,0.076,5.13,22209.338
23-Nov-2024 17:50:00,16.026,0.066,4.53,22209.616
23-Nov-2024 17:55:00,17.234,0.09,6.76,22209.99
23-Nov-2024 18:00:00,16.858,0.098,7.09,22210.414
23-Nov-2024 18:05:00,16.78,0.116,8.36,22210.9
23-Nov-2024 18:10:00,16.48,0.082,5.8,22211.28
23-Nov-2024 18:15:00,17.856,0.08,6.36,22211.654
23-Nov-2024 18:20:00,16.988,0.068,4.93,22211.962
23-Nov-2024 18:25:00,16.144,0.074,5.11,22212.268
23-Nov-2024 18:30:00,16.04,0.066,4.54,22212.546
23-Nov-2024 18:35:00,15.896,0.068,4.63,22212.824
23-Nov-2024 18:40:00,15.702,0.076,4.96,22213.12
23-Nov-2024 18:45:00,15.702,0.088,5.83,22213.46
23-Nov-2024 18:50:00,15.494,0.07,4.51,22213.746
23-Nov-2024 18:55:00,15.546,0.068,4.49,22214.016
23-Nov-2024 19:00:00,16.26,0.082,5.61,22214.342
23-Nov-2024 19:05:00,16.014,0.068,4.6,22214.626
23-Nov-2024 19:10:00,15.78,0.102,6.78,22215.008
23-Nov-2024 19:15:00,15.702,0.07,4.61,22215.306
23-Nov-2024 19:20:00,15.922,0.12,8.03,22215.752
23-Nov-2024 19:25:00,15.872,0.088,5.84,22216.13
23-Nov-2024 19:30:00,15.962,0.092,6.15,22216.496
23-Nov-2024 19:35:00,16.52,0.088,6.25,22216.866
23-Nov-2024 19:40:00,16.312,0.076,5.34,22217.196
23-Nov-2024 19:45:00,16.078,0.064,4.4,22217.476
23-Nov-2024 19:50:00,15.546,0.086,5.6,22217.794
23-Nov-2024 19:55:00,15.794,0.056,3.66,22218.036
23-Nov-2024 20:00:00,15.664,0.104,6.86,22218.408
23-Nov-2024 20:05:00,15.364,0.098,6.24,22218.794
23-Nov-2024 20:10:00,15.846,0.088,5.92,22219.15
23-Nov-2024 20:15:00,15.65,0.088,5.78,22219.5
23-Nov-2024 20:20:00,15.56,0.074,4.8,22219.802
23-Nov-2024 20:25:00,15.586,0.072,4.71,22220.084
23-Nov-2024 20:30:00,15.572,0.056,3.59,22220.308
23-Nov-2024 20:35:00,15.754,0.07,4.61,22220.574
23-Nov-2024 20:40:00,15.69,0.084,5.55,22220.894
23-Nov-2024 20:45:00,15.314,0.054,3.47,22221.128
23-Nov-2024 20:50:00,15.158,0.078,4.89,22221.41
23-Nov-2024 20:55:00,15.442,0.06,3.84,22221.654
23-Nov-2024 21:00:00,15.702,0.058,3.77,22221.876
23-Nov-2024 21:05:00,15.612,0.102,6.62,22222.24
23-Nov-2024 21:10:00,15.222,0.078,4.9,22222.552
23-Nov-2024 21:15:00,15.118,0.066,4.08,22222.81
23-Nov-2024 21:20:00,15.262,0.062,3.93,22223.052
23-Nov-2024 21:25:00,16.468,0.056,3.92,22223.284
23-Nov-2024 21:30:00,15.884,0.072,4.79,22223.562
23-Nov-2024 21:35:00,14.976,0.068,4.26,22223.82
23-Nov-2024 21:40:00,15.132,0.068,4.33,22224.078
23-Nov-2024 21:45:00,15.404,0.06,3.89,22224.322
23-Nov-2024 21:50:00,15.248,0.072,4.57,22224.586
23-Nov-2024 21:55:00,16.118,0.058,4.01,22224.832
23-Nov-2024 22:00:00,16.026,0.04,2.74,22225.016
23-Nov-2024 22:05:00,16,0.068,4.62,22225.266
23-Nov-2024 22:10:00,16.378,0.112,7.86,22225.696
23-Nov-2024 22:15:00,16.364,0.084,5.88,22226.078
23-Nov-2024 22:20:00,16.326,0.07,4.87,22226.382
23-Nov-2024 22:25:00,16.43,0.084,5.95,22226.728
23-Nov-2024 22:30:00,15.494,0.07,4.59,22227.016
23-Nov-2024 22:35:00,15.262,0.06,3.84,22227.254
23-Nov-2024 22:40:00,16.416,0.06,4.26,22227.508
23-Nov-2024 22:45:00,16.026,0.062,4.21,22227.76
23-Nov-2024 22:50:00,17,0.056,4.05,22228.002
23-Nov-2024 22:55:00,15.936,0.048,3.19,22228.21
23-Nov-2024 23:00:00,16.754,0.072,5.18,22228.498
23-Nov-2024 23:05:00,16.74,0.054,3.86,22228.744
23-Nov-2024 23:10:00,15.884,0.06,4.02,22228.982
23-Nov-2024 23:15:00,15.922,0.054,3.66,22229.206
23-Nov-2024 23:20:00,15.742,0.062,4.06,22229.442
23-Nov-2024 23:25:00,15.832,0.054,3.56,22229.666
23-Nov-2024 23:30:00,16.39,0.05,3.5,22229.878
23-Nov-2024 23:35:00,16.066,0.084,5.79,22230.192
23-Nov-2024 23:40:00,15.794,0.056,3.7,22230.444
23-Nov-2024 23:45:00,16.624,0.078,5.59,22230.754
23-Nov-2024 23:50:00,16.338,0.066,4.54,22231.036
23-Nov-2024 23:55:00,15.482,0.05,3.21,22231.25
24-Nov-2024 00:00:00,15.17,0.056,3.59,22231.458
