Time,Consumption
20-Nov-2024 00:00:00,0.470649519956717
20-Nov-2024 00:00:00,0.470649519956717
20-Nov-2024 00:04:47,0.508832243901685
20-Nov-2024 00:09:35,0.599752015118256
20-Nov-2024 00:14:24,0.627384977059824
20-Nov-2024 00:19:11,0.495761361879734
20-Nov-2024 00:23:59,0.444052617220591
20-Nov-2024 00:28:47,0.423241110001546
20-Nov-2024 00:33:35,0.490182041706601
20-Nov-2024 00:38:23,0.605817756067399
20-Nov-2024 00:43:11,0.392575121317051
20-Nov-2024 00:47:59,0.537719955510898
20-Nov-2024 00:52:47,0.473238659329108
20-Nov-2024 00:57:36,0.444264232988097
20-Nov-2024 01:02:23,0.468942927438553
20-Nov-2024 01:07:11,0.396263395486165
20-Nov-2024 01:12:00,0.403579055990107
20-Nov-2024 01:16:47,0.385076882547534
20-Nov-2024 01:21:35,0.385076882547534
20-Nov-2024 01:26:23,0.398661376039573
20-Nov-2024 01:31:11,0.455248875622198
20-Nov-2024 01:35:59,0.415142942804143
20-Nov-2024 01:40:47,0.396087977152574
20-Nov-2024 01:45:35,0.454036858247024
20-Nov-2024 01:50:23,0.404679469346112
20-Nov-2024 01:55:12,0.421314377987324
20-Nov-2024 01:59:59,0.410517371031071
20-Nov-2024 02:04:47,0.417340075900448
20-Nov-2024 02:09:35,0.417340075900448
20-Nov-2024 02:14:23,0.433301865697944
20-Nov-2024 02:19:11,0.487537640160767
20-Nov-2024 02:23:59,0.386233268387695
20-Nov-2024 02:28:47,0.395536378265574
20-Nov-2024 02:33:35,0.400531993507497
20-Nov-2024 02:38:24,0.421630864028443
20-Nov-2024 02:43:11,0.411211202535168
20-Nov-2024 02:47:59,0.403579055990107
20-Nov-2024 02:52:48,0.390332641984851
20-Nov-2024 02:57:35,0.395328228814345
20-Nov-2024 03:02:23,0.392088217529757
20-Nov-2024 03:07:11,0.380000945370227
20-Nov-2024 03:11:59,0.409360985190911
20-Nov-2024 03:16:47,0.465495477013449
20-Nov-2024 03:21:35,0.392559863842943
20-Nov-2024 03:26:23,0.397638897974958
20-Nov-2024 03:31:11,0.423313107095378
20-Nov-2024 03:36:00,0.380451310774463
20-Nov-2024 03:40:47,0.390384693553872
20-Nov-2024 03:45:35,0.400375867212861
20-Nov-2024 03:50:24,0.451063952202813
20-Nov-2024 03:55:11,0.390931831689597
20-Nov-2024 03:59:59,0.386233268387695
20-Nov-2024 04:04:47,0.395536378265574
20-Nov-2024 04:09:35,0.400531993507497
20-Nov-2024 04:14:23,0.397857986211161
20-Nov-2024 04:19:12,0.400657661678776
20-Nov-2024 04:23:59,0.397797126789303
20-Nov-2024 04:28:47,0.402041062822693
20-Nov-2024 04:33:36,0.432014612212089
20-Nov-2024 04:38:23,0.422310091544288
20-Nov-2024 04:43:11,0.416360188066162
20-Nov-2024 04:47:59,0.415142942804143
20-Nov-2024 04:52:47,0.400688091389705
20-Nov-2024 04:57:35,0.400688091389705
20-Nov-2024 05:02:23,0.475968894821456
20-Nov-2024 05:07:11,0.401497561477817
20-Nov-2024 05:11:59,0.392015197588499
20-Nov-2024 05:16:48,0.53169748669037
20-Nov-2024 05:21:35,0.419796245107436
20-Nov-2024 05:26:23,0.403846843128768
20-Nov-2024 05:31:12,0.400718521100634
20-Nov-2024 05:35:59,0.386233268387695
20-Nov-2024 05:40:47,0.623574756747565
20-Nov-2024 05:45:35,0.639560640284434
20-Nov-2024 05:50:23,0.773075130993971
20-Nov-2024 05:55:11,0.548809099057041
20-Nov-2024 06:00:00,0.422081257845107
20-Nov-2024 06:04:47,0.477464098871541
20-Nov-2024 06:09:35,0.554396204235585
20-Nov-2024 06:14:24,0.544913897171124
20-Nov-2024 06:19:11,0.575208791126913
20-Nov-2024 06:23:59,0.463711176503324
20-Nov-2024 06:28:47,0.543499583304993
20-Nov-2024 06:33:35,0.76530384878652
20-Nov-2024 06:38:23,0.774725722615551
20-Nov-2024 06:43:11,0.798006838120266
20-Nov-2024 06:47:59,0.63716922300201
20-Nov-2024 06:52:47,0.557102147101561
20-Nov-2024 06:57:36,0.785900273921781
20-Nov-2024 07:02:23,0.896292446189519
20-Nov-2024 07:07:11,0.783862392487247
20-Nov-2024 07:12:00,0.827973085515536
20-Nov-2024 07:16:47,0.769987211439172
20-Nov-2024 07:21:35,0.953824999969084
20-Nov-2024 07:26:23,1.13526284748802
20-Nov-2024 07:31:11,1.26215866297728
20-Nov-2024 07:35:59,0.987554501932293
20-Nov-2024 07:40:47,0.528294246004019
20-Nov-2024 07:45:35,0.689152289658371
20-Nov-2024 07:50:23,0.499128263070026
20-Nov-2024 07:55:12,0.759018337702891
20-Nov-2024 07:59:59,0.679955555912815
20-Nov-2024 08:04:47,0.535173576843407
20-Nov-2024 08:09:35,0.557154198670583
20-Nov-2024 08:14:23,0.711345976286907
20-Nov-2024 08:19:11,0.68718600754367
20-Nov-2024 08:23:59,0.63716922300201
20-Nov-2024 08:28:47,0.638998642448601
20-Nov-2024 08:33:35,0.637000396351832
20-Nov-2024 08:38:24,0.551129172731489
20-Nov-2024 08:43:11,0.450652540238059
20-Nov-2024 08:47:59,0.67301724087185
20-Nov-2024 08:52:48,0.725235051012521
20-Nov-2024 08:57:35,0.809160989302829
20-Nov-2024 09:02:23,0.54122562300201
20-Nov-2024 09:07:11,0.567902876085948
20-Nov-2024 09:11:59,0.553909357273149
20-Nov-2024 09:16:47,0.645461674385531
20-Nov-2024 09:21:35,0.764356777307157
20-Nov-2024 09:26:23,0.558418068727779
20-Nov-2024 09:31:11,0.418777631133096
20-Nov-2024 09:36:00,0.422081257845107
20-Nov-2024 09:40:47,0.584047130499304
20-Nov-2024 09:45:35,0.502119409893338
20-Nov-2024 09:50:24,0.525596144968311
20-Nov-2024 09:55:11,0.696529633544598
20-Nov-2024 09:59:59,0.556222157365899
20-Nov-2024 10:04:47,0.531645463533777
20-Nov-2024 10:09:35,0.514660428536095
20-Nov-2024 10:14:23,0.513450428443345
20-Nov-2024 10:19:12,0.554284287679703
20-Nov-2024 10:23:59,0.512279438614933
20-Nov-2024 10:28:47,0.414904704591127
20-Nov-2024 10:33:36,0.680670213727006
20-Nov-2024 10:38:23,0.7944816797032
20-Nov-2024 10:43:11,0.845608594651415
20-Nov-2024 10:52:47,0.58160136024115
20-Nov-2024 10:57:35,0.464704531828722
20-Nov-2024 11:02:23,0.570067136002473
20-Nov-2024 11:07:11,0.487968543051476
20-Nov-2024 11:11:59,0.529625254629773
20-Nov-2024 11:16:48,0.570319665667027
20-Nov-2024 11:21:35,0.669232364445819
20-Nov-2024 11:26:23,0.668474462915443
20-Nov-2024 11:31:12,0.645507389982996
20-Nov-2024 11:35:59,0.714647159530067
20-Nov-2024 11:40:47,0.417662699026125
20-Nov-2024 11:45:35,0.548547193291081
20-Nov-2024 11:50:23,0.797271609707838
20-Nov-2024 11:55:11,0.698409058865358
20-Nov-2024 12:00:00,0.685737485113619
20-Nov-2024 12:04:47,0.628247720451384
20-Nov-2024 12:09:35,0.593278555820065
20-Nov-2024 12:14:24,0.561507437316432
20-Nov-2024 12:19:11,0.647464722182718
20-Nov-2024 12:23:59,0.647576723975885
20-Nov-2024 12:28:47,0.854964324346885
20-Nov-2024 12:33:35,0.504273782284743
20-Nov-2024 12:38:23,0.604707625660844
20-Nov-2024 12:43:11,0.628385549142062
20-Nov-2024 12:47:59,0.57241155912815
20-Nov-2024 12:52:47,0.483063336157057
20-Nov-2024 12:57:36,0.49805009664554
20-Nov-2024 13:02:23,0.558403464739527
20-Nov-2024 13:07:11,0.649512150193229
20-Nov-2024 13:12:00,0.651045881496367
20-Nov-2024 13:16:47,0.630558162312568
20-Nov-2024 13:21:35,0.517657797681249
20-Nov-2024 13:26:23,0.559864147688978
20-Nov-2024 13:31:11,0.462101981790076
20-Nov-2024 13:35:59,0.530781640469934
20-Nov-2024 13:40:47,0.478327921935384
20-Nov-2024 13:45:35,0.538275020714175
20-Nov-2024 13:50:23,0.447207703756377
20-Nov-2024 13:55:12,0.52473189571804
20-Nov-2024 13:59:59,0.456772861462359
20-Nov-2024 14:04:47,0.429256646189519
20-Nov-2024 14:09:35,0.574128806307003
20-Nov-2024 14:14:23,0.442358185221827
20-Nov-2024 14:19:11,0.464943054166023
20-Nov-2024 14:23:59,0.519217753655898
20-Nov-2024 14:28:47,0.466463374802906
20-Nov-2024 14:33:35,0.486445750533313
20-Nov-2024 14:38:24,0.55250223175143
20-Nov-2024 14:43:11,0.562948657752357
20-Nov-2024 14:47:59,0.433645116246715
20-Nov-2024 14:52:48,0.722789280754367
20-Nov-2024 14:57:35,0.671834260998609
20-Nov-2024 15:02:23,0.568810937300974
20-Nov-2024 15:07:11,0.531158985932911
20-Nov-2024 15:11:59,0.494933622600093
20-Nov-2024 15:16:47,0.699757512722214
20-Nov-2024 15:21:35,0.435990278095533
20-Nov-2024 15:26:23,0.445973439449683
20-Nov-2024 15:31:11,0.550488898655125
20-Nov-2024 15:36:00,0.733149361385067
20-Nov-2024 15:40:47,0.585785175575823
20-Nov-2024 15:45:35,0.57079841508734
20-Nov-2024 15:50:24,0.537274448631937
20-Nov-2024 15:55:11,0.697668971927655
20-Nov-2024 15:59:59,0.697301371927655
20-Nov-2024 16:04:47,0.511912861462359
20-Nov-2024 16:09:35,0.798659840964601
20-Nov-2024 16:14:23,0.699623860658525
20-Nov-2024 16:19:12,0.725105774462823
20-Nov-2024 16:23:59,0.556222157365899
20-Nov-2024 16:28:47,0.647355845756686
20-Nov-2024 16:33:36,0.64835496880507
20-Nov-2024 16:38:23,0.732496898376874
20-Nov-2024 16:43:11,0.585443430885763
20-Nov-2024 16:47:59,0.8349114005565
20-Nov-2024 16:52:47,0.722893355479982
20-Nov-2024 16:57:35,0.681929509383212
20-Nov-2024 17:02:23,0.895058153470398
20-Nov-2024 17:07:11,0.763278724532385
20-Nov-2024 17:11:59,0.685737485113619
20-Nov-2024 17:16:48,1.07014943159685
20-Nov-2024 17:21:35,1.39486291646313
20-Nov-2024 17:26:23,1.17633772935539
20-Nov-2024 17:31:12,1.3541510886072
20-Nov-2024 17:35:59,1.15985616259082
20-Nov-2024 17:40:47,0.897135442943268
20-Nov-2024 17:45:35,0.998046387818828
20-Nov-2024 17:50:23,0.854260804204669
20-Nov-2024 17:55:11,0.920325809151337
20-Nov-2024 18:00:00,0.787499552697481
20-Nov-2024 18:04:47,1.09559574462823
20-Nov-2024 18:09:35,0.865798494759623
20-Nov-2024 18:14:24,0.856919269902613
20-Nov-2024 18:19:11,0.949220879579533
20-Nov-2024 18:23:59,0.744713219786675
20-Nov-2024 18:28:47,0.977928740516309
20-Nov-2024 18:33:35,0.742136809182254
20-Nov-2024 18:38:23,0.717334861616942
20-Nov-2024 18:43:11,0.894198762745401
20-Nov-2024 18:47:59,1.04190469324471
20-Nov-2024 18:52:47,0.994403772422322
20-Nov-2024 18:57:36,0.84153865633019
20-Nov-2024 19:02:23,0.757971510187046
20-Nov-2024 19:07:11,0.608330153470397
20-Nov-2024 19:12:00,0.693832185994744
20-Nov-2024 19:16:47,0.744759475220281
20-Nov-2024 19:21:35,0.704794752171897
20-Nov-2024 19:26:23,0.80158069543979
20-Nov-2024 19:31:11,0.826115566177153
20-Nov-2024 19:35:59,0.80253256861957
20-Nov-2024 19:40:47,0.864539199103416
20-Nov-2024 19:45:35,0.633742854598856
20-Nov-2024 19:50:23,0.777318470366363
20-Nov-2024 19:55:12,0.730101361292317
20-Nov-2024 19:59:59,0.70423968696862
20-Nov-2024 20:04:47,0.635772325954553
20-Nov-2024 20:09:35,0.72369472802597
20-Nov-2024 20:14:23,0.896022215582007
20-Nov-2024 20:19:11,1.06603786906786
20-Nov-2024 20:23:59,0.713490773689906
20-Nov-2024 20:28:47,0.990355257072191
20-Nov-2024 20:33:35,0.748568615860257
20-Nov-2024 20:38:24,0.581621277353532
20-Nov-2024 20:43:11,0.906125362621735
20-Nov-2024 20:47:59,0.904294636203432
20-Nov-2024 20:52:48,0.796776068542279
20-Nov-2024 20:57:35,0.654901277569949
20-Nov-2024 21:02:23,0.817443894110373
20-Nov-2024 21:07:11,0.739795539836142
20-Nov-2024 21:11:59,0.567786015767507
20-Nov-2024 21:16:47,0.599689564600402
20-Nov-2024 21:21:35,0.620671063379193
20-Nov-2024 21:26:23,0.92777051890555
20-Nov-2024 21:31:11,0.794537680599784
20-Nov-2024 21:36:00,0.70539607280878
20-Nov-2024 21:40:47,0.696562421487092
20-Nov-2024 21:45:35,0.525713175761323
20-Nov-2024 21:50:24,0.623389962312568
20-Nov-2024 21:55:11,0.728470260596692
20-Nov-2024 21:59:59,0.98292895857165
20-Nov-2024 22:04:47,1.24159190041738
20-Nov-2024 22:09:35,1.13968183249343
20-Nov-2024 22:14:23,0.712207782068326
20-Nov-2024 22:19:12,0.624246909568712
20-Nov-2024 22:23:59,0.603634005224919
20-Nov-2024 22:28:47,0.607141320636884
20-Nov-2024 22:33:36,0.644108702952543
20-Nov-2024 22:38:23,0.836579039635183
20-Nov-2024 22:43:11,1.11793652239913
20-Nov-2024 22:47:59,1.20958081054259
20-Nov-2024 22:52:47,1.24251817399907
20-Nov-2024 22:57:35,1.12961778095533
20-Nov-2024 23:02:23,0.984810827361262
20-Nov-2024 23:07:11,0.815632601793168
20-Nov-2024 23:11:59,0.725054660503942
20-Nov-2024 23:16:48,0.477266348369145
20-Nov-2024 23:21:35,0.435303379223991
20-Nov-2024 23:26:23,0.644212237842016
20-Nov-2024 23:31:12,0.800799211593755
20-Nov-2024 23:35:59,0.486838921718967
20-Nov-2024 23:40:47,0.503066509785129
20-Nov-2024 23:45:35,0.440122041861184
20-Nov-2024 23:50:23,0.464305195146081
20-Nov-2024 23:55:11,0.450793721595301
21-Nov-2024 00:00:00,0.582819060102025
21-Nov-2024 00:00:00,0.582819060102025
21-Nov-2024 00:04:47,0.743614653238522
21-Nov-2024 00:09:35,0.593746906291544
21-Nov-2024 00:14:24,0.762945191034163
21-Nov-2024 00:19:11,0.501341221889009
21-Nov-2024 00:23:59,0.483369764198485
21-Nov-2024 00:28:47,0.470813715381048
21-Nov-2024 00:33:35,0.408868370505488
21-Nov-2024 00:38:23,0.44666727095378
21-Nov-2024 00:43:11,0.471207000216417
21-Nov-2024 00:47:59,0.392015197588499
21-Nov-2024 00:52:47,0.465859752759314
21-Nov-2024 00:57:36,0.42789324739527
21-Nov-2024 01:02:23,0.398405749420312
21-Nov-2024 01:07:11,0.380061804792085
21-Nov-2024 01:12:00,0.392015197588499
21-Nov-2024 01:16:47,0.416091179193075
21-Nov-2024 01:21:35,0.396108803462668
21-Nov-2024 01:26:23,0.420389269315196
21-Nov-2024 01:31:11,0.406050084897202
21-Nov-2024 01:35:59,0.397797126789303
21-Nov-2024 01:40:47,0.395859029803679
21-Nov-2024 01:45:35,0.431827289070954
21-Nov-2024 01:50:23,0.432498475869532
21-Nov-2024 01:55:12,0.464870005812336
21-Nov-2024 01:59:59,0.410517371031071
21-Nov-2024 02:04:47,0.39543230353996
21-Nov-2024 02:09:35,0.390436716710465
21-Nov-2024 02:14:23,0.403299108332045
21-Nov-2024 02:19:11,0.42852295204823
21-Nov-2024 02:23:59,0.415142942804143
21-Nov-2024 02:28:47,0.426665176997991
21-Nov-2024 02:33:35,0.422668684804452
21-Nov-2024 02:38:24,0.420958938506724
21-Nov-2024 02:43:11,0.395752142247643
21-Nov-2024 02:47:59,0.392015197588499
21-Nov-2024 02:52:48,0.405787752944814
21-Nov-2024 02:57:35,0.395796579285825
21-Nov-2024 03:02:23,0.432841726418303
21-Nov-2024 03:07:11,0.422660672499614
21-Nov-2024 03:11:59,0.403579055990107
21-Nov-2024 03:16:47,0.432576610047921
21-Nov-2024 03:21:35,0.396608350780646
21-Nov-2024 03:26:23,0.421521305704127
21-Nov-2024 03:31:11,0.401943068356779
21-Nov-2024 03:36:00,0.392015197588499
21-Nov-2024 03:40:47,0.411584740732725
21-Nov-2024 03:45:35,0.458543296707374
21-Nov-2024 03:50:24,0.440992428196012
21-Nov-2024 03:55:11,0.395959069964446
21-Nov-2024 03:59:59,0.398953512629464
21-Nov-2024 04:04:47,0.390332641984851
21-Nov-2024 04:09:35,0.395328228814345
21-Nov-2024 04:14:23,0.38642800717267
21-Nov-2024 04:19:12,0.385089043066935
21-Nov-2024 04:23:59,0.403579055990107
21-Nov-2024 04:28:47,0.385128905704127
21-Nov-2024 04:33:36,0.390124492533622
21-Nov-2024 04:38:23,0.397638897974958
21-Nov-2024 04:43:11,0.39550870456021
21-Nov-2024 04:47:59,0.529625254629773
21-Nov-2024 04:52:47,0.39543230353996
21-Nov-2024 04:57:35,0.390436716710465
21-Nov-2024 05:02:23,0.42141177579224
21-Nov-2024 05:07:11,0.454462533250889
21-Nov-2024 05:11:59,0.492620850919771
21-Nov-2024 05:16:48,0.390551218797341
21-Nov-2024 05:21:35,0.416528275993198
21-Nov-2024 05:26:23,0.461602917483382
21-Nov-2024 05:31:12,0.412667055371773
21-Nov-2024 05:35:59,0.58975737514299
21-Nov-2024 05:40:47,0.670158638027516
21-Nov-2024 05:45:35,0.562253860225692
21-Nov-2024 05:50:23,0.629860864492194
21-Nov-2024 05:55:11,0.542138571154738
21-Nov-2024 06:00:00,0.445209003060751
21-Nov-2024 06:04:47,0.549920991034163
21-Nov-2024 06:09:35,0.488974769206987
21-Nov-2024 06:14:24,0.734760999567167
21-Nov-2024 06:19:11,0.571087199010666
21-Nov-2024 06:23:59,0.513435824455094
21-Nov-2024 06:28:47,0.730730185159994
21-Nov-2024 06:33:35,0.642807783088576
21-Nov-2024 06:38:23,0.60213678389241
21-Nov-2024 06:43:11,0.967126619322925
21-Nov-2024 06:47:59,0.90082547868295
21-Nov-2024 06:52:47,0.97874051201113
21-Nov-2024 06:57:36,0.820879809089504
21-Nov-2024 07:02:23,0.962432914546298
21-Nov-2024 07:07:11,0.742346890678621
21-Nov-2024 07:12:00,0.579349874169114
21-Nov-2024 07:16:47,0.837084269438862
21-Nov-2024 07:21:35,0.868056941876643
21-Nov-2024 07:26:23,1.04505736472407
21-Nov-2024 07:31:11,0.936824394960581
21-Nov-2024 07:35:59,1.02571526307003
21-Nov-2024 07:40:47,0.715275074200031
21-Nov-2024 07:45:35,0.842163104683877
21-Nov-2024 07:50:23,0.759300757242232
21-Nov-2024 07:55:12,0.852403284866286
21-Nov-2024 07:59:59,0.691519414314423
21-Nov-2024 08:04:47,0.820109661802443
21-Nov-2024 08:09:35,0.820109661802443
21-Nov-2024 08:14:23,0.501779455186273
21-Nov-2024 08:19:11,0.524225529417221
21-Nov-2024 08:23:59,0.535407183830577
21-Nov-2024 08:28:47,0.450456664955944
21-Nov-2024 08:33:35,0.532384385561911
21-Nov-2024 08:38:24,0.699543538723141
21-Nov-2024 08:43:11,0.510969682485701
21-Nov-2024 08:47:59,0.590913760983151
21-Nov-2024 08:52:48,0.749703038893183
21-Nov-2024 08:57:35,0.584848503045293
21-Nov-2024 09:02:23,0.585017386520328
21-Nov-2024 09:07:11,0.551949610017004
21-Nov-2024 09:11:59,0.730836589704746
21-Nov-2024 09:16:47,0.579499067831195
21-Nov-2024 09:21:35,0.560515815149173
21-Nov-2024 09:26:23,0.447624002658835
21-Nov-2024 09:31:11,0.487659359004483
21-Nov-2024 09:36:00,0.463711176503324
21-Nov-2024 09:40:47,0.598242945803061
21-Nov-2024 09:45:35,0.480346965929819
21-Nov-2024 09:50:24,0.42889055204823
21-Nov-2024 09:55:11,0.49777469497604
21-Nov-2024 09:59:59,0.481056992518164
21-Nov-2024 10:04:47,0.583755732632555
21-Nov-2024 10:09:35,0.473852708733962
21-Nov-2024 10:14:23,0.481965053733189
21-Nov-2024 10:19:12,0.71151395056423
21-Nov-2024 10:23:59,0.559691314886381
21-Nov-2024 10:28:47,0.565386500942959
21-Nov-2024 10:33:36,0.490452641675684
21-Nov-2024 10:38:23,0.571768841582934
21-Nov-2024 10:43:11,0.445759181326326
21-Nov-2024 10:47:59,0.463711176503324
21-Nov-2024 10:52:47,0.64920839292008
21-Nov-2024 10:57:35,0.728138744380894
21-Nov-2024 11:02:23,0.748944398639666
21-Nov-2024 11:07:11,0.655627612892255
21-Nov-2024 11:11:59,0.555065771525738
21-Nov-2024 11:16:48,0.488704169237904
21-Nov-2024 11:21:35,0.445742077044366
21-Nov-2024 11:26:23,0.422551114175298
21-Nov-2024 11:31:12,0.636735905054877
21-Nov-2024 11:35:59,0.72042908873087
21-Nov-2024 11:40:47,0.652913430422013
21-Nov-2024 11:45:35,0.587970744813727
21-Nov-2024 12:00:00,0.512279438614933
21-Nov-2024 12:04:47,0.530677565744319
21-Nov-2024 12:09:35,0.520686363672902
21-Nov-2024 12:14:24,0.505657609615087
21-Nov-2024 12:19:11,0.428564320544134
21-Nov-2024 12:23:59,0.427863187045911
21-Nov-2024 12:28:47,0.422699910063379
21-Nov-2024 12:33:35,0.437686698964291
21-Nov-2024 12:38:23,0.516379124748802
21-Nov-2024 12:43:11,0.444145128087803
21-Nov-2024 12:47:59,0.508810281094451
21-Nov-2024 12:52:47,0.48311535931365
21-Nov-2024 12:57:36,0.503097735044056
21-Nov-2024 13:02:23,0.430592257628691
21-Nov-2024 13:07:11,0.482339984139743
21-Nov-2024 13:12:00,0.476431449157521
21-Nov-2024 13:16:47,0.546840373473489
21-Nov-2024 13:21:35,0.589802465667028
21-Nov-2024 13:26:23,0.450545425382594
21-Nov-2024 13:31:11,0.459879277508116
21-Nov-2024 13:35:59,0.433645116246715
21-Nov-2024 13:40:47,0.455244130746638
21-Nov-2024 13:45:35,0.397295249652187
21-Nov-2024 13:50:23,0.423138512722214
21-Nov-2024 13:55:12,0.404097440748184
21-Nov-2024 14:09:35,0.61487410400371
21-Nov-2024 14:14:23,0.660608595733498
21-Nov-2024 14:19:11,0.514650654660689
21-Nov-2024 14:23:59,0.536563569670737
21-Nov-2024 14:28:47,0.487663421981759
21-Nov-2024 14:33:35,0.444701329788221
21-Nov-2024 14:38:24,0.633089027794095
21-Nov-2024 14:43:11,0.547348387695162
21-Nov-2024 14:47:59,0.624448978760241
21-Nov-2024 14:52:48,0.579623940454475
21-Nov-2024 14:57:35,0.672541957767816
21-Nov-2024 15:02:23,0.592693373442572
21-Nov-2024 15:07:11,0.568487149265729
21-Nov-2024 15:11:59,0.627918136280724
21-Nov-2024 15:16:47,0.663560306106044
21-Nov-2024 15:21:35,0.521685486721286
21-Nov-2024 15:26:23,0.529364741072809
21-Nov-2024 15:31:11,0.590497462080693
21-Nov-2024 15:36:00,0.550440199752667
21-Nov-2024 15:40:47,0.487507324099552
21-Nov-2024 15:45:35,0.529470293244706
21-Nov-2024 15:50:24,0.476443609676921
21-Nov-2024 15:55:11,0.559031549884063
21-Nov-2024 15:59:59,0.506497509414129
21-Nov-2024 16:04:47,0.549358993198331
21-Nov-2024 16:09:35,0.634284054537023
21-Nov-2024 16:14:23,0.707350961539651
21-Nov-2024 16:19:12,0.554281844210852
21-Nov-2024 16:23:59,0.734305747225228
21-Nov-2024 16:28:47,0.741866209213171
21-Nov-2024 16:33:36,0.823793901406709
21-Nov-2024 16:38:23,0.560777095841707
21-Nov-2024 16:43:11,0.683446619415675
21-Nov-2024 16:47:59,0.922796809646004
21-Nov-2024 16:52:47,0.804498424547844
21-Nov-2024 17:11:59,0.476431449157521
21-Nov-2024 17:16:48,0.719906413696089
21-Nov-2024 17:21:35,0.791842932230639
21-Nov-2024 17:26:23,0.700471062451693
21-Nov-2024 17:31:12,0.587125673952698
21-Nov-2024 17:35:59,0.661453354057814
21-Nov-2024 17:40:47,0.665860349018396
21-Nov-2024 17:45:35,0.744790700479209
21-Nov-2024 17:50:23,0.556847799041583
21-Nov-2024 17:55:11,0.472314715566548
21-Nov-2024 18:00:00,0.422081257845107
21-Nov-2024 18:04:47,0.519281369083321
21-Nov-2024 18:09:35,0.514285782253826
21-Nov-2024 18:14:24,0.471564883165868
21-Nov-2024 18:19:11,0.4642419206678
21-Nov-2024 18:23:59,0.50765389525429
21-Nov-2024 18:28:47,0.766875368619571
21-Nov-2024 18:33:35,0.751888608131087
21-Nov-2024 18:38:23,0.635046359993817
21-Nov-2024 18:43:11,0.638951278930283
21-Nov-2024 18:47:59,0.642951180615242
21-Nov-2024 18:52:47,0.811107183830577
21-Nov-2024 18:57:36,0.945988170289071
21-Nov-2024 19:02:23,0.841866763054568
21-Nov-2024 19:07:11,0.894459247889937
21-Nov-2024 19:12:00,0.721585474571031
21-Nov-2024 19:16:47,0.787440568495904
21-Nov-2024 19:21:35,0.548651268016695
21-Nov-2024 19:26:23,0.617035920451384
21-Nov-2024 19:31:11,0.769588926016386
21-Nov-2024 19:35:59,0.601321233544597
21-Nov-2024 19:40:47,0.54076241518009
21-Nov-2024 19:45:35,0.499798540670892
21-Nov-2024 19:50:23,0.69311644850827
21-Nov-2024 19:55:12,0.623156270088113
21-Nov-2024 19:59:59,0.733149361385067
21-Nov-2024 20:04:47,0.879036839635183
21-Nov-2024 20:09:35,0.841070334271139
21-Nov-2024 20:14:23,0.70030308817437
21-Nov-2024 20:19:11,0.851770312784047
21-Nov-2024 20:23:59,0.663766125738136
21-Nov-2024 20:28:47,0.719261139032308
21-Nov-2024 20:33:35,0.629340490864121
21-Nov-2024 20:38:24,0.684491031875097
21-Nov-2024 20:43:11,0.782652449219354
21-Nov-2024 20:47:59,0.698457757767816
21-Nov-2024 20:52:48,0.591790284402535
21-Nov-2024 20:57:35,0.853559301344876
21-Nov-2024 21:02:23,0.945284280785284
21-Nov-2024 21:07:11,0.869846470273613
21-Nov-2024 21:11:59,0.697301371927655
21-Nov-2024 21:16:47,0.686592045725769
21-Nov-2024 21:21:35,0.857441291451538
21-Nov-2024 21:26:23,0.710973517761633
21-Nov-2024 21:31:11,0.532644018333591
21-Nov-2024 21:36:00,0.614041506198794
21-Nov-2024 21:40:47,0.762545882763951
21-Nov-2024 21:45:35,0.731573210326171
21-Nov-2024 21:50:24,0.773849312845881
21-Nov-2024 21:55:11,0.960714133096306
21-Nov-2024 21:59:59,1.03034080643067
21-Nov-2024 22:04:47,0.763638653176689
21-Nov-2024 22:09:35,0.937485239635183
21-Nov-2024 22:14:23,0.992274999629
21-Nov-2024 22:19:12,0.949627433019014
21-Nov-2024 22:23:59,0.721585474571031
21-Nov-2024 22:28:47,0.88267945503169
21-Nov-2024 22:33:36,0.794757024547844
21-Nov-2024 22:38:23,0.769481811160922
21-Nov-2024 22:43:11,0.709383785561911
21-Nov-2024 22:47:59,0.632543679641367
21-Nov-2024 22:52:47,0.566791523944968
21-Nov-2024 22:57:35,0.42691495065698
21-Nov-2024 23:02:23,0.514918441799351
21-Nov-2024 23:07:11,0.482235284340702
21-Nov-2024 23:11:59,0.548127428072345
21-Nov-2024 23:16:48,0.721769359808317
21-Nov-2024 23:21:35,0.772724379564075
21-Nov-2024 23:26:23,0.704582937517391
21-Nov-2024 23:31:12,0.824026769670738
21-Nov-2024 23:35:59,0.810627297913124
21-Nov-2024 23:40:47,0.737869717019632
21-Nov-2024 23:45:35,0.536047827268511
21-Nov-2024 23:50:23,0.577173453733189
21-Nov-2024 23:55:11,0.627051443561602
22-Nov-2024 00:00:00,0.481056992518164
22-Nov-2024 00:00:00,0.481056992518164
22-Nov-2024 00:04:47,0.589292490987788
22-Nov-2024 00:09:35,0.51136126257536
22-Nov-2024 00:14:24,0.394476481032617
22-Nov-2024 00:19:11,0.417073482083784
22-Nov-2024 00:23:59,0.440583459700108
22-Nov-2024 00:28:47,0.433013735260473
22-Nov-2024 00:33:35,0.439008445138352
22-Nov-2024 00:38:23,0.42130951946205
22-Nov-2024 00:43:11,0.390603185129077
22-Nov-2024 00:47:59,0.481056992518164
22-Nov-2024 00:52:47,0.448957994589581
22-Nov-2024 00:57:36,0.387012649714021
22-Nov-2024 01:02:23,0.397529339650642
22-Nov-2024 01:07:11,0.416104561446901
22-Nov-2024 01:12:00,0.409360985190911
22-Nov-2024 01:16:47,0.400688091389705
22-Nov-2024 01:21:35,0.400688091389705
22-Nov-2024 01:26:23,0.397857986211161
22-Nov-2024 01:31:11,0.428462064213944
22-Nov-2024 01:35:59,0.433645116246715
22-Nov-2024 01:40:47,0.578780943700727
22-Nov-2024 01:45:35,0.390946691389705
22-Nov-2024 01:50:23,0.391869129293554
22-Nov-2024 01:55:12,0.400596802256918
22-Nov-2024 01:59:59,0.55737854320606
22-Nov-2024 02:04:47,0.444066482485701
22-Nov-2024 02:09:35,0.412094686999536
22-Nov-2024 02:14:23,0.427510191034163
22-Nov-2024 02:19:11,0.395825190601329
22-Nov-2024 02:23:59,0.403579055990107
22-Nov-2024 02:28:47,0.400688091389705
22-Nov-2024 02:33:35,0.400688091389705
22-Nov-2024 02:38:24,0.392197775854073
22-Nov-2024 02:43:11,0.374851988251662
22-Nov-2024 02:47:59,0.392015197588499
22-Nov-2024 02:52:48,0.416902950687896
22-Nov-2024 02:57:35,0.474851831782347
22-Nov-2024 03:02:23,0.422098305302211
22-Nov-2024 03:07:11,0.422526764724069
22-Nov-2024 03:11:59,0.482213378358324
22-Nov-2024 03:16:47,0.429006844118102
22-Nov-2024 03:21:35,0.449988342896893
22-Nov-2024 03:26:23,0.393249490307621
22-Nov-2024 03:31:11,0.471652507095378
22-Nov-2024 03:36:00,0.386233268387695
22-Nov-2024 03:40:47,0.405839804513835
22-Nov-2024 03:45:35,0.400844217684341
22-Nov-2024 03:50:24,0.409178406925336
22-Nov-2024 03:55:11,0.405928366053486
22-Nov-2024 03:59:59,0.446365388900912
22-Nov-2024 04:04:47,0.390488768279487
22-Nov-2024 04:09:35,0.410471115597465
22-Nov-2024 04:14:23,0.409397523573968
22-Nov-2024 04:19:12,0.411077323172051
22-Nov-2024 04:23:59,0.427863187045911
22-Nov-2024 04:28:47,0.416403403369918
22-Nov-2024 04:33:36,0.426394577028907
22-Nov-2024 04:38:23,0.426706801205751
22-Nov-2024 04:43:11,0.440094112443964
22-Nov-2024 04:47:59,0.45792924730252
22-Nov-2024 04:52:47,0.461873687927037
22-Nov-2024 04:57:35,0.54080403938785
22-Nov-2024 05:02:23,0.424632608687587
22-Nov-2024 05:07:11,0.411211202535168
22-Nov-2024 05:11:59,0.594382918503633
22-Nov-2024 05:16:48,0.4501444407791
22-Nov-2024 05:21:35,0.402186761756067
22-Nov-2024 05:26:23,0.438611495099706
22-Nov-2024 05:31:12,0.434049254629773
22-Nov-2024 05:35:59,0.530781640469934
22-Nov-2024 05:40:47,0.613583554676148
22-Nov-2024 05:45:35,0.669534189673829
22-Nov-2024 05:50:23,0.569964879672283
22-Nov-2024 05:55:11,0.397298062482609
22-Nov-2024 06:00:00,0.516904981975576
22-Nov-2024 06:04:47,0.563679681125367
22-Nov-2024 06:09:35,0.524714081125367
22-Nov-2024 06:14:24,0.60194690363271
22-Nov-2024 06:19:11,0.548025200154584
22-Nov-2024 06:23:59,0.552752971432988
22-Nov-2024 06:28:47,0.571912011810172
22-Nov-2024 06:33:35,0.823689826681095
22-Nov-2024 06:38:23,0.665034513371464
22-Nov-2024 06:43:11,0.69795380652342
22-Nov-2024 06:47:59,0.727367432184264
22-Nov-2024 06:52:47,0.863893952852064
22-Nov-2024 06:57:36,0.970799607605503
22-Nov-2024 07:02:23,0.66124398287216
22-Nov-2024 07:07:11,0.701999935229557
22-Nov-2024 07:12:00,0.743556833946514
22-Nov-2024 07:16:47,0.789345138815891
22-Nov-2024 07:21:35,0.93321817588499
22-Nov-2024 07:26:23,0.70802288706137
22-Nov-2024 07:31:11,0.675736565991653
22-Nov-2024 07:35:59,1.28012040361725
22-Nov-2024 07:40:47,0.833171054073273
22-Nov-2024 07:45:35,0.588387043716185
22-Nov-2024 07:50:23,0.623528728613387
22-Nov-2024 07:55:12,0.779947728087803
22-Nov-2024 07:59:59,0.793281481898284
22-Nov-2024 08:04:47,0.558236570134488
22-Nov-2024 08:09:35,0.596203075498532
22-Nov-2024 08:14:23,0.471053629927346
22-Nov-2024 08:19:11,0.589852301066626
22-Nov-2024 08:23:59,0.47527506331736
22-Nov-2024 08:28:47,0.554895779965992
22-Nov-2024 08:33:35,0.771704458618025
22-Nov-2024 08:38:24,0.627691717637966
22-Nov-2024 08:43:11,0.563691188158912
22-Nov-2024 08:47:59,0.530781640469934
22-Nov-2024 08:52:48,0.624886103972793
22-Nov-2024 08:57:35,0.766760894945123
22-Nov-2024 09:02:23,0.680744341752976
22-Nov-2024 09:07:11,0.748596261153192
22-Nov-2024 09:11:59,0.738931290585871
22-Nov-2024 09:16:47,0.598367818426341
22-Nov-2024 09:21:35,0.592373108548462
22-Nov-2024 09:26:23,0.707540870211779
22-Nov-2024 09:31:11,0.585187804266502
22-Nov-2024 09:36:00,0.559691314886381
22-Nov-2024 09:40:47,0.548994717452466
22-Nov-2024 09:45:35,0.698862492811872
22-Nov-2024 09:50:24,0.674170501344876
22-Nov-2024 09:55:11,0.714496545246561
22-Nov-2024 09:59:59,0.596695690183954
22-Nov-2024 10:04:47,0.445492303385377
22-Nov-2024 10:09:35,0.450487890214871
22-Nov-2024 10:14:23,0.486076928798887
22-Nov-2024 10:19:12,0.669341127222136
22-Nov-2024 10:23:59,0.476431449157521
22-Nov-2024 10:28:47,0.45980259236358
22-Nov-2024 10:33:36,0.439820216633174
22-Nov-2024 10:38:23,0.571871097913124
22-Nov-2024 10:43:11,0.5538996402226
22-Nov-2024 10:47:59,0.446365388900912
22-Nov-2024 10:52:47,0.412948111114546
22-Nov-2024 10:57:35,0.490879339526975
22-Nov-2024 11:02:23,0.617160082763951
22-Nov-2024 11:07:11,0.62028110279796
22-Nov-2024 11:11:59,0.496090008440254
22-Nov-2024 11:16:48,0.482574159375483
22-Nov-2024 11:21:35,0.450602392301747
22-Nov-2024 11:26:23,0.529072604482919
22-Nov-2024 11:31:12,0.46590467280878
22-Nov-2024 11:35:59,0.505341123573968
22-Nov-2024 11:40:47,0.502025762528985
22-Nov-2024 11:45:35,0.43908129460504
22-Nov-2024 11:50:23,0.46881146313186
22-Nov-2024 11:55:11,0.423038017962591
22-Nov-2024 12:00:00,0.449834546421394
22-Nov-2024 12:04:47,0.503014458216108
22-Nov-2024 12:09:35,0.534986253702272
22-Nov-2024 12:14:24,0.418819028041428
22-Nov-2024 12:19:11,0.454401673829031
22-Nov-2024 12:23:59,0.404735441830267
22-Nov-2024 12:28:47,0.781477083876952
22-Nov-2024 12:33:35,0.669575813881589
22-Nov-2024 12:38:23,0.696644050394188
22-Nov-2024 12:43:11,0.474866066409028
22-Nov-2024 12:47:59,0.481056992518164
22-Nov-2024 12:52:47,0.44423300772917
22-Nov-2024 12:57:36,0.428247095779873
22-Nov-2024 13:02:23,0.434653018735508
22-Nov-2024 13:07:11,0.4710731208533
22-Nov-2024 13:12:00,0.452147318101716
22-Nov-2024 13:16:47,0.561952034997681
22-Nov-2024 13:21:35,0.457044626341011
22-Nov-2024 13:26:23,0.463501805317669
22-Nov-2024 13:31:11,0.42915589571804
22-Nov-2024 13:35:59,0.433645116246715
22-Nov-2024 13:40:47,0.575794001916834
22-Nov-2024 13:45:35,0.500860114237131
22-Nov-2024 13:50:23,0.465575997835833
22-Nov-2024 13:55:12,0.536266546143144
22-Nov-2024 13:59:59,0.452147318101716
22-Nov-2024 14:04:47,0.529324594311331
22-Nov-2024 14:09:35,0.589271693090122
22-Nov-2024 14:14:23,0.537712653516772
22-Nov-2024 14:19:11,0.503038068944195
22-Nov-2024 14:23:59,0.731992975544907
22-Nov-2024 14:28:47,0.709936037934766
22-Nov-2024 14:33:35,0.723923703787293
22-Nov-2024 14:38:24,0.456746096954707
22-Nov-2024 14:43:11,0.498018132663472
22-Nov-2024 14:47:59,0.565473244087185
22-Nov-2024 14:52:48,0.748037843283352
22-Nov-2024 14:57:35,0.92288355279023
22-Nov-2024 15:02:23,0.720278161910651
22-Nov-2024 15:07:11,0.703674876302365
22-Nov-2024 15:11:59,0.608259548585562
22-Nov-2024 15:16:47,0.574388978914825
22-Nov-2024 15:21:35,0.564397805255836
22-Nov-2024 15:26:23,0.607329581388159
22-Nov-2024 15:31:11,0.547044090585871
22-Nov-2024 15:36:00,0.489151693399289
22-Nov-2024 15:40:47,0.633524306198794
22-Nov-2024 15:45:35,0.705460824733344
22-Nov-2024 15:50:24,0.485828604173752
22-Nov-2024 15:55:11,0.450964139341475
22-Nov-2024 15:59:59,0.678799170072654
22-Nov-2024 16:04:47,0.615477726047303
22-Nov-2024 16:09:35,0.553532381171742
22-Nov-2024 16:14:23,0.608198689163704
22-Nov-2024 16:19:12,0.557354193754831
22-Nov-2024 16:23:59,0.541189113031381
22-Nov-2024 16:28:47,0.590780762405318
22-Nov-2024 16:33:36,0.555811626186428
22-Nov-2024 16:38:23,0.519965142587726
22-Nov-2024 16:43:11,0.617162526232803
22-Nov-2024 16:47:59,0.661453354057814
22-Nov-2024 16:52:47,0.575232004081002
22-Nov-2024 16:57:35,0.746081221394342
22-Nov-2024 17:02:23,0.819569200587417
22-Nov-2024 17:07:11,0.947813725645386
22-Nov-2024 17:11:59,0.708865230329263
22-Nov-2024 17:16:48,0.772183208038337
22-Nov-2024 17:21:35,1.1668349653424
22-Nov-2024 17:26:23,1.13875391099088
22-Nov-2024 17:31:12,1.2271335258618
22-Nov-2024 17:35:59,0.75512072076055
22-Nov-2024 17:40:47,0.87251132876797
22-Nov-2024 17:45:35,0.807568643159685
22-Nov-2024 17:50:23,0.745993767939404
22-Nov-2024 17:55:11,0.614387200216417
22-Nov-2024 18:00:00,1.00143113201422
22-Nov-2024 18:04:47,0.69025548743237
22-Nov-2024 18:09:35,0.613323382068326
22-Nov-2024 18:14:24,0.560769793847581
22-Nov-2024 18:19:11,0.575367048353687
22-Nov-2024 18:23:59,0.612885120358634
22-Nov-2024 18:28:47,0.503503606585253
22-Nov-2024 18:33:35,0.48252213621889
22-Nov-2024 18:38:23,0.553524709816046
22-Nov-2024 18:43:11,0.40231311182563
22-Nov-2024 18:47:59,0.678799170072654
22-Nov-2024 18:52:47,0.615602627083011
22-Nov-2024 18:57:36,0.965294046096769
22-Nov-2024 19:02:23,0.773359965589736
22-Nov-2024 19:07:11,0.428250277971866
22-Nov-2024 19:12:00,0.714647159530067
22-Nov-2024 19:16:47,0.442775961570567
22-Nov-2024 19:21:35,0.48673717681249
22-Nov-2024 19:26:23,0.780064588406245
22-Nov-2024 19:31:11,0.549948437440099
22-Nov-2024 19:35:59,0.483369764198485
22-Nov-2024 19:40:47,0.518906694388623
22-Nov-2024 19:45:35,0.577854670119029
22-Nov-2024 19:50:23,0.613318438305766
22-Nov-2024 19:55:12,0.611981917668883
22-Nov-2024 19:59:59,0.601321233544597
22-Nov-2024 20:04:47,0.620566988653579
22-Nov-2024 20:09:35,0.64754316889782
22-Nov-2024 20:14:23,0.468731112784047
22-Nov-2024 20:19:11,0.469330018364508
22-Nov-2024 20:23:59,0.523843297016541
22-Nov-2024 20:28:47,0.798389240995517
22-Nov-2024 20:33:35,0.711465933560056
22-Nov-2024 20:38:24,0.506227278806616
22-Nov-2024 20:43:11,0.5675498800742
22-Nov-2024 20:47:59,0.433645116246715
22-Nov-2024 20:52:48,0.743937276364199
22-Nov-2024 20:57:35,0.724954052094605
22-Nov-2024 21:02:23,0.492971431875097
22-Nov-2024 21:07:11,0.526212069593446
22-Nov-2024 21:11:59,0.386233268387695
22-Nov-2024 21:16:47,0.802666703694543
22-Nov-2024 21:21:35,0.726733721378884
22-Nov-2024 21:26:23,0.623156270088113
22-Nov-2024 21:31:11,0.718123619044675
22-Nov-2024 21:36:00,0.651045881496367
22-Nov-2024 21:40:47,0.703764403864585
22-Nov-2024 21:45:35,0.624834052403772
22-Nov-2024 21:50:24,0.730817098778791
22-Nov-2024 21:55:11,0.612205892842789
22-Nov-2024 21:59:59,0.959801213356006
22-Nov-2024 22:04:47,0.973276574710156
22-Nov-2024 22:09:35,0.690526087401453
22-Nov-2024 22:14:23,0.497733298067708
22-Nov-2024 22:19:12,0.44080010446746
22-Nov-2024 22:23:59,0.608259548585562
22-Nov-2024 22:28:47,0.914484725274386
22-Nov-2024 22:33:36,0.782601079548617
22-Nov-2024 22:38:23,0.840515638429433
22-Nov-2024 22:43:11,0.864619606276086
22-Nov-2024 22:47:59,0.674173626712011
22-Nov-2024 22:52:47,0.60100091182563
22-Nov-2024 22:57:35,0.548047645973103
22-Nov-2024 23:02:23,0.441678957705982
22-Nov-2024 23:07:11,0.449496154397898
22-Nov-2024 23:11:59,0.541189113031381
22-Nov-2024 23:16:48,0.498778619724842
22-Nov-2024 23:21:35,0.523756582284743
22-Nov-2024 23:26:23,0.394805127593137
22-Nov-2024 23:31:12,0.432520381851909
22-Nov-2024 23:35:59,0.614041506198794
22-Nov-2024 23:40:47,0.674155130221054
22-Nov-2024 23:45:35,0.550264440469934
22-Nov-2024 23:50:23,0.589976463379193
22-Nov-2024 23:55:11,0.473746190539496
23-Nov-2024 00:00:00,0.67301724087185
23-Nov-2024 00:00:00,0.67301724087185
23-Nov-2024 00:04:47,0.541938462420776
23-Nov-2024 00:09:35,0.613874980955326
23-Nov-2024 00:14:24,0.789551839233267
23-Nov-2024 00:19:11,0.581945065388777
23-Nov-2024 00:23:59,0.663766125738136
23-Nov-2024 00:28:47,0.632192132663472
23-Nov-2024 00:33:35,0.676153347905395
23-Nov-2024 00:38:23,0.563304097232957
23-Nov-2024 00:43:11,0.494025561385067
23-Nov-2024 00:47:59,0.500715580213325
23-Nov-2024 00:52:47,0.43274313529139
23-Nov-2024 00:57:36,0.412760787973412
23-Nov-2024 01:02:23,0.475077852651105
23-Nov-2024 01:07:11,0.439587746143144
23-Nov-2024 01:12:00,0.422081257845107
23-Nov-2024 01:16:47,0.509144468078529
23-Nov-2024 01:21:35,0.430214116617715
23-Nov-2024 01:26:23,0.468614252465605
23-Nov-2024 01:31:11,0.406561309723296
23-Nov-2024 01:35:59,0.578193488328954
23-Nov-2024 01:40:47,0.456003879084866
23-Nov-2024 01:45:35,0.570902489812954
23-Nov-2024 01:50:23,0.384536421332509
23-Nov-2024 01:55:12,0.433428443066935
23-Nov-2024 01:59:59,0.698457757767816
23-Nov-2024 02:04:47,0.487236724130468
23-Nov-2024 02:09:35,0.403310785840161
23-Nov-2024 02:14:23,0.403518196568249
23-Nov-2024 02:19:11,0.395569563982068
23-Nov-2024 02:23:59,0.386233268387695
23-Nov-2024 02:28:47,0.421627937548307
23-Nov-2024 02:33:35,0.433617357304066
23-Nov-2024 02:38:24,0.392898909352296
23-Nov-2024 02:43:11,0.390298859607358
23-Nov-2024 02:47:59,0.392015197588499
23-Nov-2024 02:52:48,0.385180957273149
23-Nov-2024 02:57:35,0.395172130932138
23-Nov-2024 03:02:23,0.397748427886845
23-Nov-2024 03:07:11,0.416104561446901
23-Nov-2024 03:11:59,0.397797126789303
23-Nov-2024 03:16:47,0.401062766084403
23-Nov-2024 03:21:35,0.437031025351677
23-Nov-2024 03:26:23,0.415627403122585
23-Nov-2024 03:31:11,0.390542325707219
23-Nov-2024 03:36:00,0.432488730406554
23-Nov-2024 03:40:47,0.444285030885763
23-Nov-2024 03:45:35,0.433294734178389
23-Nov-2024 03:50:24,0.381556582655743
23-Nov-2024 03:55:11,0.431368854537023
23-Nov-2024 03:59:59,0.452147318101716
23-Nov-2024 04:04:47,0.395588429834596
23-Nov-2024 04:09:35,0.405579603493585
23-Nov-2024 04:14:23,0.386647123821302
23-Nov-2024 04:19:12,0.405684899953625
23-Nov-2024 04:23:59,0.398953512629464
23-Nov-2024 04:28:47,0.410887414499923
23-Nov-2024 04:33:36,0.390905067181945
23-Nov-2024 04:38:23,0.386318477260782
23-Nov-2024 04:43:11,0.40053594283506
23-Nov-2024 04:47:59,0.416299328644304
23-Nov-2024 04:52:47,0.391144441892101
23-Nov-2024 04:57:35,0.474071257134024
23-Nov-2024 05:02:23,0.393797253516772
23-Nov-2024 05:07:11,0.437669338970475
23-Nov-2024 05:11:59,0.415142942804143
23-Nov-2024 05:16:48,0.400865015582007
23-Nov-2024 05:21:35,0.417850022167259
23-Nov-2024 05:26:23,0.457096649497604
23-Nov-2024 05:31:12,0.385843733992889
23-Nov-2024 05:35:59,0.410517371031071
23-Nov-2024 05:40:47,0.417277625382594
23-Nov-2024 05:45:35,0.411282915504715
23-Nov-2024 05:50:23,0.404869349605812
23-Nov-2024 05:55:11,0.577855096305457
23-Nov-2024 06:00:00,0.610572320265883
23-Nov-2024 06:04:47,0.515118380058742
23-Nov-2024 06:09:35,0.410210942989643
23-Nov-2024 06:14:24,0.421762328335137
23-Nov-2024 06:19:11,0.449313547719895
23-Nov-2024 06:23:59,0.392015197588499
23-Nov-2024 06:28:47,0.472062612088422
23-Nov-2024 06:33:35,0.430099642943268
23-Nov-2024 06:38:23,0.461843911701963
23-Nov-2024 06:43:11,0.417816012490339
23-Nov-2024 06:47:59,0.470649519956717
23-Nov-2024 06:52:47,0.477141475745865
23-Nov-2024 06:57:36,0.423189058432524
23-Nov-2024 07:02:23,0.409616611810172
23-Nov-2024 07:07:11,0.416226280290617
23-Nov-2024 07:12:00,0.450990932261555
23-Nov-2024 07:16:47,0.438925196722832
23-Nov-2024 07:21:35,0.412948111114546
23-Nov-2024 07:26:23,0.557716935229556
23-Nov-2024 07:31:11,0.503293695563457
23-Nov-2024 07:35:59,0.469493134116556
23-Nov-2024 07:40:47,0.440215717637966
23-Nov-2024 07:45:35,0.538129321780801
23-Nov-2024 07:50:23,0.538925040253517
23-Nov-2024 07:55:12,0.629726985129077
23-Nov-2024 07:59:59,0.566629629927346
23-Nov-2024 08:04:47,0.476881274725615
23-Nov-2024 08:09:35,0.497862773504406
23-Nov-2024 08:14:23,0.553875290771371
23-Nov-2024 08:19:11,0.455862356778482
23-Nov-2024 08:23:59,0.433645116246715
23-Nov-2024 08:28:47,0.59036446350286
23-Nov-2024 08:33:35,0.615342426062761
23-Nov-2024 08:38:24,0.549558931457722
23-Nov-2024 08:43:11,0.56391760680167
23-Nov-2024 08:47:59,0.603634005224919
23-Nov-2024 08:52:48,0.506428126263719
23-Nov-2024 08:57:35,0.56637522504251
23-Nov-2024 09:02:23,0.608549270119029
23-Nov-2024 09:07:11,0.75095528826712
23-Nov-2024 09:11:59,0.83375501471634
23-Nov-2024 09:16:47,0.682605980893492
23-Nov-2024 09:21:35,0.670616561137734
23-Nov-2024 09:26:23,0.739749284402535
23-Nov-2024 09:31:11,0.704972471912197
23-Nov-2024 09:36:00,0.730836589704746
23-Nov-2024 09:40:47,0.546611426124594
23-Nov-2024 09:45:35,0.867328418797341
23-Nov-2024 09:50:24,0.992026675003865
23-Nov-2024 09:55:11,0.752949130437471
23-Nov-2024 09:59:59,0.597852076024115
23-Nov-2024 10:04:47,0.539784090029371
23-Nov-2024 10:09:35,0.504814953810481
23-Nov-2024 10:14:23,0.863032317545216
23-Nov-2024 10:19:12,1.25006650388004
23-Nov-2024 10:23:59,0.888105206028753
23-Nov-2024 10:28:47,0.76347212793322
23-Nov-2024 10:33:36,0.921332830854846
23-Nov-2024 10:38:23,0.901361052960272
23-Nov-2024 10:43:11,0.715920405688669
23-Nov-2024 10:47:59,0.602477619384758
23-Nov-2024 10:52:47,1.28230597285516
23-Nov-2024 10:57:35,1.19238532468697
23-Nov-2024 11:02:23,0.776719593198331
23-Nov-2024 11:07:11,0.660971337208224
23-Nov-2024 11:11:59,0.603634005224919
23-Nov-2024 11:16:48,0.757529469624363
23-Nov-2024 11:21:35,0.844452748647396
23-Nov-2024 11:26:23,0.649514565249652
23-Nov-2024 11:31:12,0.815179792920081
23-Nov-2024 11:35:59,0.583975445942186
23-Nov-2024 11:40:47,0.801355384881744
23-Nov-2024 11:45:35,1.29891633315814
23-Nov-2024 11:50:23,1.41555645527902
23-Nov-2024 11:55:11,1.44633580955325
23-Nov-2024 12:00:00,1.11938260136033
23-Nov-2024 12:04:47,0.653912553470397
23-Nov-2024 12:09:35,0.584973404081002
23-Nov-2024 12:14:24,0.579422922522801
23-Nov-2024 12:19:11,0.695029968743237
23-Nov-2024 12:23:59,0.582819060102025
23-Nov-2024 12:28:47,0.793497728891637
23-Nov-2024 12:33:35,0.736547970845571
23-Nov-2024 12:38:23,0.859972156933066
23-Nov-2024 12:43:11,0.710369753655897
23-Nov-2024 12:47:59,0.595539304343794
23-Nov-2024 12:52:47,0.577698572236822
23-Nov-2024 12:57:36,0.985338843932602
23-Nov-2024 13:02:23,1.05343445673211
23-Nov-2024 13:07:11,0.818459070180863
23-Nov-2024 13:12:00,0.899669092842789
23-Nov-2024 13:16:47,0.852737130901221
23-Nov-2024 13:21:35,0.887706267120111
23-Nov-2024 13:26:23,0.915288825413511
23-Nov-2024 13:31:11,0.837594215705673
23-Nov-2024 13:35:59,0.959801213356006
23-Nov-2024 13:40:47,0.945051497758541
23-Nov-2024 13:45:35,1.04995890641521
23-Nov-2024 13:50:23,0.669701453640439
23-Nov-2024 13:55:12,0.775188276951616
23-Nov-2024 13:59:59,0.65451503901685
23-Nov-2024 14:04:47,0.672958256670274
23-Nov-2024 14:09:35,0.73390447849745
23-Nov-2024 14:14:23,0.564531087957953
23-Nov-2024 14:19:11,0.622749688236203
23-Nov-2024 14:23:59,0.669548083351368
23-Nov-2024 14:28:47,0.638530291977122
23-Nov-2024 14:33:35,0.691483586242078
23-Nov-2024 14:38:24,0.681365124903386
23-Nov-2024 14:43:11,0.539572616324007
23-Nov-2024 14:47:59,0.595539304343794
23-Nov-2024 14:52:48,0.487351197804916
23-Nov-2024 14:57:35,0.614239228288762
23-Nov-2024 15:02:23,0.487340429494512
23-Nov-2024 15:07:11,0.475715711671047
23-Nov-2024 15:11:59,0.668391697511207
23-Nov-2024 15:16:47,0.562847083320452
23-Nov-2024 15:21:35,0.54386383063843
23-Nov-2024 15:26:23,0.682738183923327
23-Nov-2024 15:31:11,0.904168030422013
23-Nov-2024 15:36:00,0.96558314255681
23-Nov-2024 15:40:47,0.902703454969856
23-Nov-2024 15:45:35,0.938671714237131
23-Nov-2024 15:50:24,0.74995227271603
23-Nov-2024 15:55:11,0.757540607296337
23-Nov-2024 15:59:59,0.745869605626836
23-Nov-2024 16:04:47,0.510997015241923
23-Nov-2024 16:09:35,0.509997892193539
23-Nov-2024 16:14:23,0.735243016416757
23-Nov-2024 16:19:12,0.945931856855774
23-Nov-2024 16:23:59,0.75512072076055
23-Nov-2024 16:28:47,0.822534605750503
23-Nov-2024 16:33:36,0.555770001978668
23-Nov-2024 16:38:23,0.589998397773999
23-Nov-2024 16:43:11,0.563338192147164
23-Nov-2024 16:47:59,0.822191156314732
23-Nov-2024 16:52:47,1.05803513921781
23-Nov-2024 16:57:35,1.11898133263256
23-Nov-2024 17:02:23,0.78885800772917
23-Nov-2024 17:07:11,0.501499479115783
23-Nov-2024 17:11:59,0.845318901530376
23-Nov-2024 17:16:48,0.608067594218581
23-Nov-2024 17:21:35,0.634044679826867
23-Nov-2024 17:26:23,0.525048381759159
23-Nov-2024 17:31:12,0.689284549513062
23-Nov-2024 17:35:59,0.625605364600402
23-Nov-2024 17:40:47,0.512079386705828
23-Nov-2024 17:45:35,0.814812249744937
23-Nov-2024 17:50:23,0.678465636574432
23-Nov-2024 17:55:11,0.595120561972484
23-Nov-2024 18:00:00,0.565473244087185
23-Nov-2024 18:04:47,0.776814519121967
23-Nov-2024 18:09:35,0.616955598516
23-Nov-2024 18:14:24,0.456643840624517
23-Nov-2024 18:19:11,0.542323592889164
23-Nov-2024 18:23:59,0.556222157365899
23-Nov-2024 18:28:47,0.576022949265729
23-Nov-2024 18:33:35,0.622981533652806
23-Nov-2024 18:38:23,0.736521149513062
23-Nov-2024 18:43:11,0.688471442634101
23-Nov-2024 18:47:59,0.590913760983151
23-Nov-2024 18:52:47,0.47273911201113
23-Nov-2024 18:57:36,0.595630650301438
23-Nov-2024 19:02:23,0.944291010697171
23-Nov-2024 19:07:11,0.916235840068017
23-Nov-2024 19:12:00,0.922796809646004
23-Nov-2024 19:16:47,1.02039125697944
23-Nov-2024 19:21:35,0.764616949914979
23-Nov-2024 19:26:23,0.525347820343175
23-Nov-2024 19:31:11,0.620264083753285
23-Nov-2024 19:35:59,0.489151693399289
23-Nov-2024 19:40:47,0.642901458865358
23-Nov-2024 19:45:35,0.615925250208688
23-Nov-2024 19:50:23,0.530292293213789
23-Nov-2024 19:55:12,0.643004738042974
23-Nov-2024 19:59:59,0.524999682856701
23-Nov-2024 20:04:47,0.533466757025816
23-Nov-2024 20:09:35,0.691327459947442
23-Nov-2024 20:14:23,0.591999541938476
23-Nov-2024 20:19:11,0.509776786674911
23-Nov-2024 20:23:59,0.506497509414129
23-Nov-2024 20:28:47,0.557081349203896
23-Nov-2024 20:33:35,0.584057529448137
23-Nov-2024 20:38:24,0.436829439171433
23-Nov-2024 20:43:11,0.447375706446128
23-Nov-2024 20:47:59,0.790968710217963
23-Nov-2024 20:52:48,0.527118198763333
23-Nov-2024 20:57:35,0.575075877786366
23-Nov-2024 21:02:23,0.689099527778637
23-Nov-2024 21:07:11,0.542771543236977
23-Nov-2024 21:11:59,0.579349874169114
23-Nov-2024 21:16:47,0.627352672128614
23-Nov-2024 21:21:35,0.506459351522647
23-Nov-2024 21:26:23,0.505285122677385
23-Nov-2024 21:31:11,0.716906373782656
23-Nov-2024 21:36:00,0.555065771525738
23-Nov-2024 21:40:47,0.681471586272994
23-Nov-2024 21:45:35,0.760401937733808
23-Nov-2024 21:50:24,0.768868330004638
23-Nov-2024 21:55:11,0.635238683722368
23-Nov-2024 21:59:59,0.603634005224919
23-Nov-2024 22:04:47,0.493418757149482
23-Nov-2024 22:09:35,0.603321781048076
23-Nov-2024 22:14:23,0.591247294481373
23-Nov-2024 22:19:12,0.537593349729479
23-Nov-2024 22:23:59,0.62213620707992
23-Nov-2024 22:28:47,0.649000243468852
23-Nov-2024 22:33:36,0.608036368959654
23-Nov-2024 22:38:23,0.650113470830113
23-Nov-2024 22:43:11,0.77610852709847
23-Nov-2024 22:47:59,0.565473244087185
23-Nov-2024 22:52:47,0.482147461524192
23-Nov-2024 22:57:35,0.509123670180863
23-Nov-2024 23:02:23,0.753355683876952
23-Nov-2024 23:07:11,0.735019041242851
23-Nov-2024 23:11:59,0.579349874169114
23-Nov-2024 23:16:48,0.483000885639202
23-Nov-2024 23:21:35,0.491992936249807
23-Nov-2024 23:26:23,0.535631159004483
23-Nov-2024 23:31:12,0.546289399659917
23-Nov-2024 23:35:59,0.452147318101716
23-Nov-2024 23:40:47,0.477349625197094
23-Nov-2024 23:45:35,0.543291433853764
23-Nov-2024 23:50:23,0.636368276642449
23-Nov-2024 23:55:11,0.648280300942959
24-Nov-2024 00:00:00,0.512279438614933
24-Nov-2024 00:00:00,0.512279438614933
