Time,Level,Velocity,FlowDifference,Volume
20-Nov-2024 00:00:00,10.342,0.038,1.01,2439.15
20-Nov-2024 00:05:00,10.498,0.044,1.2,2439.22
20-Nov-2024 00:10:00,10.498,0.04,1.09,2439.29
20-Nov-2024 00:15:00,10.044,0.038,1,2439.35
20-Nov-2024 00:20:00,10.174,0.036,0.98,2439.41
20-Nov-2024 00:25:00,10.548,0.04,1.14,2439.47
20-Nov-2024 00:30:00,10.316,0.032,0.88,2439.53
20-Nov-2024 00:35:00,10.522,0.046,1.29,2439.6
20-Nov-2024 00:40:00,10.718,0.044,1.24,2439.68
20-Nov-2024 00:45:00,10.86,0.034,0.96,2439.74
20-Nov-2024 00:50:00,10.342,0.032,0.89,2439.79
20-Nov-2024 00:55:00,10.198,0.028,0.76,2439.84
20-Nov-2024 01:00:00,10.198,0.028,0.76,2439.88
20-Nov-2024 01:05:00,10.342,0.036,0.97,2439.94
20-Nov-2024 01:10:00,9.642,0.028,0.68,2439.98
20-Nov-2024 01:15:00,9.798,0.028,0.72,2440.02
20-Nov-2024 01:20:00,9.992,0.03,0.78,2440.07
20-Nov-2024 01:25:00,10.044,0.03,0.79,2440.12
20-Nov-2024 01:30:00,10.122,0.032,0.83,2440.17
20-Nov-2024 01:35:00,9.966,0.032,0.84,2440.22
20-Nov-2024 01:40:00,9.68,0.026,0.64,2440.26
20-Nov-2024 01:45:00,9.396,0.024,0.57,2440.29
20-Nov-2024 01:50:00,9.526,0.03,0.72,2440.33
20-Nov-2024 01:55:00,9.448,0.024,0.56,2440.37
20-Nov-2024 02:00:00,9.642,0.024,0.58,2440.4
20-Nov-2024 02:05:00,10.212,0.038,0.99,2440.46
20-Nov-2024 02:10:00,10.018,0.028,0.7,2440.5
20-Nov-2024 02:15:00,9.68,0.022,0.55,2440.54
20-Nov-2024 02:20:00,9.602,0.026,0.65,2440.58
20-Nov-2024 02:25:00,9.668,0.026,0.64,2440.61
20-Nov-2024 02:30:00,10.198,0.034,0.93,2440.67
20-Nov-2024 02:35:00,9.578,0.022,0.53,2440.7
20-Nov-2024 02:40:00,9.654,0.022,0.53,2440.73
20-Nov-2024 02:45:00,9.434,0.022,0.51,2440.76
20-Nov-2024 02:50:00,9.668,0.018,0.45,2440.79
20-Nov-2024 02:55:00,9.642,0.018,0.46,2440.82
20-Nov-2024 03:00:00,10.134,0.03,0.8,2440.87
20-Nov-2024 03:05:00,9.888,0.024,0.61,2440.9
20-Nov-2024 03:10:00,9.94,0.024,0.62,2440.94
20-Nov-2024 03:15:00,9.94,0.026,0.66,2440.98
20-Nov-2024 03:20:00,9.81,0.026,0.65,2441.02
20-Nov-2024 03:25:00,9.68,0.022,0.55,2441.05
20-Nov-2024 03:30:00,9.33,0.022,0.51,2441.08
20-Nov-2024 03:35:00,9.59,0.024,0.57,2441.12
20-Nov-2024 03:40:00,9.642,0.026,0.63,2441.15
20-Nov-2024 03:45:00,9.486,0.022,0.51,2441.19
20-Nov-2024 03:50:00,9.486,0.024,0.59,2441.22
20-Nov-2024 03:55:00,9.512,0.028,0.7,2441.26
20-Nov-2024 04:00:00,9.474,0.02,0.5,2441.29
20-Nov-2024 04:05:00,9.434,0.024,0.56,2441.33
20-Nov-2024 04:10:00,9.474,0.024,0.58,2441.36
20-Nov-2024 04:15:00,9.642,0.03,0.76,2441.41
20-Nov-2024 04:20:00,9.694,0.028,0.68,2441.45
20-Nov-2024 04:25:00,9.642,0.02,0.49,2441.48
20-Nov-2024 04:30:00,9.512,0.024,0.57,2441.51
20-Nov-2024 04:35:00,9.654,0.026,0.62,2441.55
20-Nov-2024 04:40:00,9.68,0.022,0.53,2441.58
20-Nov-2024 04:45:00,9.396,0.02,0.45,2441.61
20-Nov-2024 04:50:00,9.396,0.018,0.42,2441.63
20-Nov-2024 04:55:00,9.758,0.024,0.61,2441.67
20-Nov-2024 05:00:00,9.578,0.022,0.52,2441.7
20-Nov-2024 05:05:00,9.448,0.02,0.47,2441.73
20-Nov-2024 05:10:00,9.926,0.02,0.53,2441.76
20-Nov-2024 05:15:00,9.81,0.02,0.51,2441.79
20-Nov-2024 05:20:00,10.38,0.034,0.9,2441.84
20-Nov-2024 05:25:00,10.096,0.032,0.85,2441.89
20-Nov-2024 05:30:00,9.926,0.04,1.04,2441.96
20-Nov-2024 05:35:00,9.926,0.022,0.58,2441.99
20-Nov-2024 05:40:00,10.29,0.046,1.25,2442.07
20-Nov-2024 05:45:00,9.9,0.028,0.73,2442.11
20-Nov-2024 05:50:00,10.056,0.024,0.61,2442.15
20-Nov-2024 05:55:00,10.718,0.036,1,2442.21
20-Nov-2024 06:00:00,10.782,0.032,0.91,2442.26
20-Nov-2024 06:05:00,10.498,0.03,0.83,2442.31
20-Nov-2024 06:10:00,10.692,0.034,0.96,2442.37
20-Nov-2024 06:15:00,10.42,0.034,0.93,2442.42
20-Nov-2024 06:20:00,10.368,0.034,0.94,2442.48
20-Nov-2024 06:25:00,11.158,0.024,0.74,2442.53
20-Nov-2024 06:30:00,11.118,0.034,0.99,2442.59
20-Nov-2024 06:35:00,11.664,0.05,1.56,2442.68
20-Nov-2024 06:40:00,12.596,0.042,1.49,2442.77
20-Nov-2024 06:45:00,10.782,0.034,0.97,2442.83
20-Nov-2024 06:50:00,11.468,0.062,1.92,2442.94
20-Nov-2024 06:55:00,11.52,0.064,1.99,2443.06
20-Nov-2024 07:00:00,11.676,0.038,1.22,2443.13
20-Nov-2024 07:05:00,11.028,0.062,1.85,2443.24
20-Nov-2024 07:10:00,10.522,0.064,1.75,2443.35
20-Nov-2024 07:15:00,10.522,0.04,1.09,2443.42
20-Nov-2024 07:20:00,10.548,0.058,1.62,2443.51
20-Nov-2024 07:25:00,12.804,0.036,1.27,2443.59
20-Nov-2024 07:30:00,10.756,0.038,1.1,2443.66
20-Nov-2024 07:35:00,10.498,0.054,1.5,2443.75
20-Nov-2024 07:40:00,11.352,0.05,1.55,2443.84
20-Nov-2024 07:45:00,11.416,0.062,1.94,2443.95
20-Nov-2024 07:50:00,11.754,0.074,2.38,2444.1
20-Nov-2024 07:55:00,10.666,0.062,1.75,2444.2
20-Nov-2024 08:00:00,10.198,0.036,0.98,2444.26
20-Nov-2024 08:05:00,10.652,0.062,1.74,2444.36
20-Nov-2024 08:10:00,11.288,0.048,1.48,2444.45
20-Nov-2024 08:15:00,10.6,0.04,1.12,2444.52
20-Nov-2024 08:20:00,9.978,0.048,1.24,2444.59
20-Nov-2024 08:25:00,10.354,0.042,1.12,2444.66
20-Nov-2024 08:30:00,10.174,0.068,1.77,2444.77
20-Nov-2024 08:35:00,10.368,0.056,1.53,2444.86
20-Nov-2024 08:40:00,10.924,0.064,1.88,2444.97
20-Nov-2024 08:45:00,10.044,0.01,0.26,2444.99
20-Nov-2024 08:50:00,10.782,0.054,1.53,2445.08
20-Nov-2024 08:55:00,10.342,0.038,1.04,2445.14
20-Nov-2024 09:00:00,10.808,0.074,2.13,2445.27
20-Nov-2024 09:05:00,10.73,0.042,1.21,2445.34
20-Nov-2024 09:10:00,10.86,0.05,1.44,2445.43
20-Nov-2024 09:15:00,10.484,0.042,1.14,2445.5
20-Nov-2024 09:20:00,10.29,0.058,1.58,2445.59
20-Nov-2024 09:25:00,10.432,0.054,1.46,2445.68
20-Nov-2024 09:30:00,9.862,0.054,1.38,2445.76
20-Nov-2024 09:35:00,9.642,0.04,0.99,2445.82
20-Nov-2024 09:40:00,10.342,0.04,1.1,2445.89
20-Nov-2024 09:45:00,10.446,0.048,1.31,2445.97
20-Nov-2024 09:50:00,11.08,0.024,0.73,2446.01
20-Nov-2024 09:55:00,9.992,0.028,0.75,2446.06
20-Nov-2024 10:00:00,10.588,0.024,0.67,2446.1
20-Nov-2024 10:05:00,10.938,0.03,0.9,2446.15
20-Nov-2024 10:10:00,10.77,0.048,1.37,2446.23
20-Nov-2024 10:15:00,11.118,0.04,1.21,2446.31
20-Nov-2024 10:20:00,11.288,0.012,0.38,2446.33
20-Nov-2024 10:25:00,11.806,0.03,1,2446.39
20-Nov-2024 10:30:00,10.744,0.022,0.62,2446.43
20-Nov-2024 10:35:00,10.276,0.038,1,2446.49
20-Nov-2024 10:40:00,11.78,0.026,0.83,2446.53
20-Nov-2024 10:45:00,13.892,0.036,1.46,2446.62
20-Nov-2024 10:50:00,11.65,0.028,0.86,2446.67
20-Nov-2024 10:55:00,10.42,0.028,0.78,2446.72
20-Nov-2024 11:00:00,11.196,0.048,1.43,2446.81
20-Nov-2024 11:05:00,10.108,0.036,0.93,2446.86
20-Nov-2024 11:10:00,10.924,0.022,0.63,2446.9
20-Nov-2024 11:15:00,10.872,0.022,0.66,2446.94
20-Nov-2024 11:20:00,10.782,0.034,0.98,2447
20-Nov-2024 11:25:00,10.548,0.042,1.14,2447.07
20-Nov-2024 11:30:00,10.692,0.046,1.3,2447.14
20-Nov-2024 11:35:00,10.276,0.032,0.87,2447.2
20-Nov-2024 11:40:00,10.264,0.036,0.95,2447.25
20-Nov-2024 11:45:00,10.704,0.046,1.32,2447.33
20-Nov-2024 11:50:00,10.224,0.028,0.77,2447.38
20-Nov-2024 11:55:00,10.6,0.042,1.17,2447.45
20-Nov-2024 12:00:00,9.68,0.026,0.63,2447.49
20-Nov-2024 12:05:00,11.832,0.024,0.8,2447.53
20-Nov-2024 12:10:00,10.368,0.044,1.18,2447.61
20-Nov-2024 12:15:00,10.044,0.034,0.9,2447.66
20-Nov-2024 12:20:00,11.314,0.044,1.36,2447.74
20-Nov-2024 12:25:00,11.118,0.054,1.58,2447.84
20-Nov-2024 12:30:00,10.354,0.03,0.8,2447.88
20-Nov-2024 12:35:00,10.472,0.034,0.92,2447.94
20-Nov-2024 12:40:00,10.302,0.036,0.99,2448
20-Nov-2024 12:45:00,10.25,0.046,1.21,2448.07
20-Nov-2024 12:50:00,10.522,0.034,0.92,2448.13
20-Nov-2024 12:55:00,9.732,0.026,0.64,2448.17
20-Nov-2024 13:00:00,10.782,0.048,1.39,2448.25
20-Nov-2024 13:05:00,10.302,0.046,1.26,2448.32
20-Nov-2024 13:10:00,10.018,0.038,0.98,2448.38
20-Nov-2024 13:15:00,10.756,0.038,1.09,2448.45
20-Nov-2024 13:20:00,10.704,0.044,1.27,2448.52
20-Nov-2024 13:25:00,9.9,0.046,1.17,2448.59
20-Nov-2024 13:30:00,9.836,0.042,1.04,2448.66
20-Nov-2024 13:35:00,9.862,0.026,0.63,2448.7
20-Nov-2024 13:40:00,9.512,0.028,0.65,2448.73
20-Nov-2024 13:45:00,10.174,0.042,1.09,2448.8
20-Nov-2024 13:50:00,9.798,0.026,0.63,2448.84
20-Nov-2024 13:55:00,9.9,0.028,0.71,2448.88
20-Nov-2024 14:00:00,9.952,0.028,0.73,2448.92
20-Nov-2024 14:05:00,9.68,0.024,0.58,2448.96
20-Nov-2024 14:10:00,10.302,0.026,0.67,2449
20-Nov-2024 14:15:00,10.16,0.028,0.73,2449.04
20-Nov-2024 14:20:00,10.368,0.044,1.21,2449.12
20-Nov-2024 14:25:00,9.422,0.038,0.91,2449.17
20-Nov-2024 14:30:00,10.174,0.038,1,2449.23
20-Nov-2024 14:35:00,9.578,0.024,0.56,2449.26
20-Nov-2024 14:40:00,9.94,0.028,0.74,2449.31
20-Nov-2024 14:45:00,9.408,0.028,0.65,2449.35
20-Nov-2024 14:50:00,9.668,0.026,0.64,2449.39
20-Nov-2024 14:55:00,10.212,0.026,0.68,2449.43
20-Nov-2024 15:00:00,10.924,0.04,1.18,2449.5
20-Nov-2024 15:05:00,9.992,0.026,0.67,2449.54
20-Nov-2024 15:10:00,10.73,0.044,1.27,2449.61
20-Nov-2024 15:15:00,11.416,0.028,0.88,2449.67
20-Nov-2024 15:20:00,11.118,0.026,0.76,2449.71
20-Nov-2024 15:25:00,10.782,0.046,1.33,2449.79
20-Nov-2024 15:30:00,11.196,0.036,1.06,2449.86
20-Nov-2024 15:35:00,10.95,0.03,0.88,2449.91
20-Nov-2024 15:40:00,11.288,0.032,0.97,2449.97
20-Nov-2024 15:45:00,10.29,0.046,1.23,2450.04
20-Nov-2024 15:50:00,10.446,0.028,0.79,2450.09
20-Nov-2024 15:55:00,11.262,0.046,1.41,2450.17
20-Nov-2024 16:00:00,11.158,0.044,1.32,2450.25
20-Nov-2024 16:05:00,11.196,0.038,1.14,2450.32
20-Nov-2024 16:10:00,10.782,0.028,0.78,2450.37
20-Nov-2024 16:15:00,11.054,0.052,1.53,2450.46
20-Nov-2024 16:20:00,10.498,0.03,0.82,2450.51
20-Nov-2024 16:25:00,11.068,0.052,1.56,2450.6
20-Nov-2024 16:30:00,11.158,0.048,1.45,2450.69
20-Nov-2024 16:35:00,12.038,0.028,0.95,2450.75
20-Nov-2024 16:40:00,12.518,0.028,0.96,2450.8
20-Nov-2024 16:45:00,11.598,0.026,0.81,2450.85
20-Nov-2024 16:50:00,10.692,0.04,1.14,2450.92
20-Nov-2024 16:55:00,10.198,0.042,1.13,2450.99
20-Nov-2024 17:00:00,11.508,0.032,0.98,2451.05
20-Nov-2024 17:05:00,10.096,0.052,1.33,2451.13
20-Nov-2024 17:10:00,9.926,0.036,0.93,2451.18
20-Nov-2024 17:15:00,9.37,0.042,0.99,2451.24
20-Nov-2024 17:20:00,9.37,0.028,0.66,2451.28
20-Nov-2024 17:25:00,10.95,0.042,1.21,2451.35
20-Nov-2024 17:30:00,10.198,0.022,0.6,2451.39
20-Nov-2024 17:35:00,9.486,0.03,0.74,2451.44
20-Nov-2024 17:40:00,9.24,0.04,0.94,2451.49
20-Nov-2024 17:45:00,9.396,0.036,0.84,2451.54
20-Nov-2024 17:50:00,9.668,0.04,0.99,2451.6
20-Nov-2024 17:55:00,9.526,0.03,0.71,2451.64
20-Nov-2024 18:00:00,9.188,0.026,0.6,2451.68
20-Nov-2024 18:05:00,9.28,0.034,0.77,2451.73
20-Nov-2024 18:10:00,9.046,0.032,0.72,2451.77
20-Nov-2024 18:15:00,9.382,0.032,0.77,2451.82
20-Nov-2024 18:20:00,9.318,0.052,1.2,2451.89
20-Nov-2024 18:25:00,9.888,0.03,0.75,2451.93
20-Nov-2024 18:30:00,9.564,0.046,1.13,2452
20-Nov-2024 18:35:00,10.756,0.05,1.41,2452.09
20-Nov-2024 18:40:00,9.602,0.028,0.68,2452.13
20-Nov-2024 18:45:00,9.81,0.022,0.54,2452.16
20-Nov-2024 18:50:00,10.212,0.024,0.65,2452.2
20-Nov-2024 18:55:00,10.134,0.048,1.25,2452.27
20-Nov-2024 19:00:00,10.756,0.034,0.96,2452.33
20-Nov-2024 19:05:00,11.08,0.022,0.65,2452.37
20-Nov-2024 19:10:00,10.432,0.052,1.39,2452.45
20-Nov-2024 19:15:00,9.966,0.04,1.05,2452.52
20-Nov-2024 19:20:00,9.564,0.044,1.09,2452.58
20-Nov-2024 19:25:00,9.72,0.03,0.75,2452.63
20-Nov-2024 19:30:00,9.758,0.052,1.28,2452.7
20-Nov-2024 19:35:00,9.914,0.03,0.75,2452.75
20-Nov-2024 19:40:00,10.574,0.024,0.67,2452.79
20-Nov-2024 19:45:00,9.228,0.028,0.65,2452.83
20-Nov-2024 19:50:00,9.28,0.03,0.69,2452.87
20-Nov-2024 19:55:00,10.548,0.046,1.25,2452.94
20-Nov-2024 20:00:00,10.044,0.04,1.06,2453.01
20-Nov-2024 20:05:00,10.42,0.052,1.41,2453.09
20-Nov-2024 20:10:00,9.448,0.026,0.62,2453.13
20-Nov-2024 20:15:00,10.122,0.028,0.74,2453.17
20-Nov-2024 20:20:00,10.38,0.044,1.17,2453.24
20-Nov-2024 20:25:00,10.342,0.034,0.9,2453.3
20-Nov-2024 20:30:00,11.222,0.058,1.76,2453.4
20-Nov-2024 20:35:00,11.094,0.03,0.9,2453.46
20-Nov-2024 20:40:00,10.796,0.05,1.45,2453.54
20-Nov-2024 20:45:00,11.028,0.022,0.63,2453.58
20-Nov-2024 20:50:00,10.148,0.028,0.74,2453.63
20-Nov-2024 20:55:00,9.94,0.034,0.89,2453.68
20-Nov-2024 21:00:00,10.886,0.024,0.67,2453.72
20-Nov-2024 21:05:00,10.07,0.036,0.92,2453.77
20-Nov-2024 21:10:00,10.082,0.032,0.85,2453.83
20-Nov-2024 21:15:00,9.836,0.046,1.14,2453.89
20-Nov-2024 21:20:00,11.404,0.028,0.86,2453.95
20-Nov-2024 21:25:00,10.25,0.046,1.22,2454.02
20-Nov-2024 21:30:00,9.876,0.046,1.16,2454.09
20-Nov-2024 21:35:00,10.07,0.048,1.23,2454.16
20-Nov-2024 21:40:00,0,0,NaN,2454.16
20-Nov-2024 21:45:00,10.938,0.028,0.8,2454.21
20-Nov-2024 21:50:00,10.796,0.034,0.96,2454.27
20-Nov-2024 21:55:00,10.756,0.052,1.47,2454.36
20-Nov-2024 22:00:00,10.198,0.054,1.4,2454.44
20-Nov-2024 22:05:00,9.46,0.046,1.07,2454.5
20-Nov-2024 22:10:00,10.886,0.048,1.41,2454.59
20-Nov-2024 22:15:00,9.564,0.044,1.06,2454.65
20-Nov-2024 22:20:00,9.654,0.034,0.82,2454.7
20-Nov-2024 22:25:00,9.914,0.034,0.84,2454.75
20-Nov-2024 22:30:00,9.538,0.04,0.98,2454.81
20-Nov-2024 22:35:00,9.474,0.024,0.58,2454.85
20-Nov-2024 22:40:00,9.668,0.032,0.79,2454.89
20-Nov-2024 22:45:00,12.738,0.024,0.86,2454.95
20-Nov-2024 22:50:00,10.51,0.05,1.38,2455.03
20-Nov-2024 22:55:00,10.484,0.036,1,2455.09
20-Nov-2024 23:00:00,10.368,0.044,1.19,2455.16
20-Nov-2024 23:05:00,9.758,0.03,0.75,2455.2
20-Nov-2024 23:10:00,10.302,0.04,1.05,2455.27
20-Nov-2024 23:15:00,11.094,0.038,1.14,2455.34
20-Nov-2024 23:20:00,11.016,0.028,0.82,2455.39
20-Nov-2024 23:25:00,10.446,0.028,0.78,2455.43
20-Nov-2024 23:30:00,9.836,0.044,1.11,2455.5
20-Nov-2024 23:35:00,10.898,0.05,1.43,2455.58
20-Nov-2024 23:40:00,10.73,0.04,1.13,2455.65
20-Nov-2024 23:45:00,10.82,0.056,1.6,2455.75
20-Nov-2024 23:50:00,10.756,0.06,1.71,2455.85
20-Nov-2024 23:55:00,10.666,0.052,1.45,2455.94
21-Nov-2024 00:00:00,11.21,0.04,1.17,2456.01
21-Nov-2024 00:05:00,10.6,0.038,1.07,2456.07
21-Nov-2024 00:10:00,9.46,0.024,0.56,2456.11
21-Nov-2024 00:15:00,10.394,0.026,0.73,2456.15
21-Nov-2024 00:20:00,9.94,0.026,0.64,2456.19
21-Nov-2024 00:25:00,9.434,0.018,0.4,2456.21
21-Nov-2024 00:30:00,9.46,0.018,0.41,2456.24
21-Nov-2024 00:35:00,8.942,0.02,0.43,2456.26
21-Nov-2024 00:40:00,8.956,0.018,0.39,2456.29
21-Nov-2024 00:45:00,8.89,0.018,0.41,2456.31
21-Nov-2024 00:50:00,9.344,0.024,0.58,2456.35
21-Nov-2024 00:55:00,9.046,0.026,0.57,2456.38
21-Nov-2024 01:00:00,9.15,0.026,0.57,2456.42
21-Nov-2024 01:05:00,9.046,0.014,0.29,2456.43
21-Nov-2024 01:10:00,8.942,0.016,0.34,2456.45
21-Nov-2024 01:15:00,8.826,0.02,0.43,2456.48
21-Nov-2024 01:20:00,8.904,0.012,0.24,2456.49
21-Nov-2024 01:25:00,8.722,0.018,0.4,2456.52
21-Nov-2024 01:30:00,9.02,0.018,0.38,2456.54
21-Nov-2024 01:35:00,8.734,0.018,0.38,2456.56
21-Nov-2024 01:40:00,8.76,0.018,0.38,2456.59
21-Nov-2024 01:45:00,8.786,0.018,0.39,2456.61
21-Nov-2024 01:50:00,8.852,0.018,0.4,2456.63
21-Nov-2024 01:55:00,8.864,0.014,0.32,2456.65
21-Nov-2024 02:00:00,8.748,0.014,0.3,2456.67
21-Nov-2024 02:05:00,8.93,0.02,0.42,2456.7
21-Nov-2024 02:10:00,8.904,0.016,0.36,2456.72
21-Nov-2024 02:15:00,8.722,0.018,0.36,2456.74
21-Nov-2024 02:20:00,9.162,0.028,0.63,2456.78
21-Nov-2024 02:25:00,8.956,0.02,0.42,2456.8
21-Nov-2024 02:30:00,8.982,0.026,0.57,2456.84
21-Nov-2024 02:35:00,9.11,0.024,0.54,2456.87
21-Nov-2024 02:40:00,9.124,0.024,0.53,2456.9
21-Nov-2024 02:45:00,9.084,0.024,0.54,2456.93
21-Nov-2024 02:50:00,9.006,0.024,0.54,2456.97
21-Nov-2024 02:55:00,8.968,0.022,0.47,2456.99
21-Nov-2024 03:00:00,9.266,0.024,0.57,2457.03
21-Nov-2024 03:05:00,8.904,0.022,0.47,2457.06
21-Nov-2024 03:10:00,8.852,0.02,0.46,2457.08
21-Nov-2024 03:15:00,9.02,0.024,0.55,2457.12
21-Nov-2024 03:20:00,8.89,0.03,0.64,2457.15
21-Nov-2024 03:25:00,8.826,0.018,0.41,2457.18
21-Nov-2024 03:30:00,8.786,0.02,0.43,2457.2
21-Nov-2024 03:35:00,8.618,0.02,0.42,2457.23
21-Nov-2024 03:40:00,8.826,0.026,0.55,2457.26
21-Nov-2024 03:45:00,8.67,0.024,0.49,2457.29
21-Nov-2024 03:50:00,8.658,0.026,0.53,2457.32
21-Nov-2024 03:55:00,9.188,0.022,0.52,2457.36
21-Nov-2024 04:00:00,9.032,0.02,0.47,2457.38
21-Nov-2024 04:05:00,8.916,0.02,0.46,2457.41
21-Nov-2024 04:10:00,8.982,0.022,0.5,2457.44
21-Nov-2024 04:15:00,8.994,0.028,0.61,2457.48
21-Nov-2024 04:20:00,8.942,0.026,0.57,2457.51
21-Nov-2024 04:25:00,9.046,0.026,0.6,2457.55
21-Nov-2024 04:30:00,9.02,0.026,0.57,2457.58
21-Nov-2024 04:35:00,8.982,0.012,0.28,2457.6
21-Nov-2024 04:40:00,9.006,0.026,0.56,2457.63
21-Nov-2024 04:45:00,8.994,0.024,0.53,2457.66
21-Nov-2024 04:50:00,8.916,0.028,0.61,2457.7
21-Nov-2024 04:55:00,9.006,0.024,0.51,2457.73
21-Nov-2024 05:00:00,8.878,0.02,0.46,2457.76
21-Nov-2024 05:05:00,8.8,0.022,0.46,2457.79
21-Nov-2024 05:10:00,9.098,0.028,0.63,2457.82
21-Nov-2024 05:15:00,9.136,0.022,0.52,2457.86
21-Nov-2024 05:20:00,9.072,0.022,0.48,2457.88
21-Nov-2024 05:25:00,8.942,0.03,0.66,2457.92
21-Nov-2024 05:30:00,9.046,0.026,0.57,2457.96
21-Nov-2024 05:35:00,8.968,0.028,0.62,2458
21-Nov-2024 05:40:00,9.032,0.026,0.59,2458.03
21-Nov-2024 05:45:00,9.11,0.028,0.63,2458.07
21-Nov-2024 05:50:00,9.318,0.028,0.64,2458.11
21-Nov-2024 05:55:00,9.006,0.024,0.51,2458.14
21-Nov-2024 06:00:00,8.916,0.02,0.44,2458.16
21-Nov-2024 06:05:00,8.968,0.028,0.63,2458.2
21-Nov-2024 06:10:00,9.68,0.03,0.73,2458.25
21-Nov-2024 06:15:00,9.24,0.024,0.55,2458.28
21-Nov-2024 06:20:00,10.964,0.036,1.04,2458.34
21-Nov-2024 06:25:00,10.198,0.016,0.43,2458.37
21-Nov-2024 06:30:00,10.964,0.024,0.67,2458.41
21-Nov-2024 06:35:00,10.134,0.04,1.03,2458.47
21-Nov-2024 06:40:00,11.676,0.028,0.92,2458.52
21-Nov-2024 06:45:00,8.904,0.022,0.47,2458.55
21-Nov-2024 06:50:00,9.356,0.032,0.73,2458.6
21-Nov-2024 06:55:00,10.666,0.03,0.83,2458.65
21-Nov-2024 07:00:00,11.068,0.034,0.98,2458.7
21-Nov-2024 07:05:00,10.898,0.038,1.08,2458.77
21-Nov-2024 07:10:00,10.38,0.028,0.74,2458.81
21-Nov-2024 07:15:00,10.406,0.03,0.81,2458.86
21-Nov-2024 07:20:00,10.796,0.022,0.65,2458.9
21-Nov-2024 07:25:00,10.99,0.038,1.13,2458.97
21-Nov-2024 07:30:00,10.354,0.03,0.83,2459.02
21-Nov-2024 07:35:00,10.082,0.026,0.69,2459.06
21-Nov-2024 07:40:00,10.25,0.032,0.84,2459.11
21-Nov-2024 07:45:00,10.536,0.032,0.9,2459.17
21-Nov-2024 07:50:00,9.746,0.028,0.71,2459.21
21-Nov-2024 07:55:00,9.978,0.032,0.84,2459.26
21-Nov-2024 08:00:00,9.654,0.034,0.83,2459.31
21-Nov-2024 08:05:00,9.526,0.032,0.75,2459.35
21-Nov-2024 08:10:00,9.176,0.032,0.73,2459.4
21-Nov-2024 08:15:00,11.586,0.04,1.23,2459.47
21-Nov-2024 08:20:00,8.956,0.034,0.74,2459.52
21-Nov-2024 08:25:00,9.02,0.032,0.72,2459.56
21-Nov-2024 08:30:00,9.408,0.022,0.52,2459.59
21-Nov-2024 08:35:00,10.03,0.04,1.01,2459.65
21-Nov-2024 08:40:00,10.07,0.026,0.66,2459.69
21-Nov-2024 08:45:00,9.68,0.032,0.81,2459.74
21-Nov-2024 08:50:00,9.602,0.028,0.69,2459.78
21-Nov-2024 08:55:00,10.03,0.034,0.91,2459.83
21-Nov-2024 09:00:00,9.616,0.028,0.67,2459.87
21-Nov-2024 09:05:00,9.11,0.032,0.74,2459.92
21-Nov-2024 09:10:00,9.68,0.03,0.73,2459.96
21-Nov-2024 09:15:00,10.316,0.034,0.91,2460.02
21-Nov-2024 09:20:00,9.448,0.032,0.77,2460.06
21-Nov-2024 09:25:00,9.784,0.028,0.72,2460.11
21-Nov-2024 09:30:00,9.214,0.028,0.62,2460.14
21-Nov-2024 09:35:00,9.098,0.028,0.66,2460.18
21-Nov-2024 09:40:00,10.018,0.038,0.97,2460.24
21-Nov-2024 09:45:00,10.446,0.034,0.92,2460.3
21-Nov-2024 09:50:00,9.59,0.028,0.69,2460.34
21-Nov-2024 09:55:00,10.406,0.026,0.7,2460.38
21-Nov-2024 10:00:00,10.096,0.038,0.99,2460.44
21-Nov-2024 10:05:00,10.316,0.024,0.65,2460.48
21-Nov-2024 10:10:00,9.564,0.03,0.74,2460.52
21-Nov-2024 10:15:00,9.486,0.036,0.86,2460.57
21-Nov-2024 10:20:00,9.512,0.036,0.88,2460.63
21-Nov-2024 10:25:00,9.356,0.03,0.69,2460.67
21-Nov-2024 10:30:00,9.538,0.03,0.75,2460.71
21-Nov-2024 10:35:00,9.202,0.028,0.67,2460.75
21-Nov-2024 10:40:00,10.588,0.032,0.91,2460.81
21-Nov-2024 10:45:00,10.924,0.036,1.05,2460.87
21-Nov-2024 10:50:00,9.37,0.026,0.63,2460.91
21-Nov-2024 10:55:00,9.422,0.032,0.78,2460.96
21-Nov-2024 11:00:00,9.538,0.036,0.87,2461.01
21-Nov-2024 11:05:00,9.072,0.04,0.88,2461.06
21-Nov-2024 11:10:00,9.124,0.032,0.74,2461.1
21-Nov-2024 11:15:00,9.46,0.03,0.74,2461.15
21-Nov-2024 11:20:00,9.188,0.034,0.78,2461.2
21-Nov-2024 11:25:00,9.02,0.028,0.62,2461.23
21-Nov-2024 11:30:00,9.292,0.032,0.75,2461.28
21-Nov-2024 11:35:00,9.214,0.03,0.68,2461.32
21-Nov-2024 11:40:00,9.654,0.028,0.7,2461.36
21-Nov-2024 11:45:00,8.838,0.03,0.66,2461.4
21-Nov-2024 11:50:00,8.864,0.03,0.66,2461.44
21-Nov-2024 11:55:00,9.292,0.03,0.71,2461.48
21-Nov-2024 12:00:00,9.032,0.032,0.7,2461.53
21-Nov-2024 12:05:00,9.136,0.034,0.79,2461.57
21-Nov-2024 12:10:00,9.24,0.03,0.68,2461.61
21-Nov-2024 12:15:00,9.266,0.032,0.73,2461.66
21-Nov-2024 12:20:00,9.564,0.03,0.73,2461.7
21-Nov-2024 12:25:00,9.344,0.032,0.77,2461.75
21-Nov-2024 12:30:00,9.046,0.034,0.75,2461.79
21-Nov-2024 12:35:00,8.878,0.032,0.68,2461.83
21-Nov-2024 12:40:00,9.15,0.034,0.78,2461.88
21-Nov-2024 12:45:00,8.786,0.03,0.65,2461.92
21-Nov-2024 12:50:00,9.046,0.03,0.68,2461.96
21-Nov-2024 12:55:00,8.89,0.03,0.67,2462
21-Nov-2024 13:00:00,9.124,0.034,0.77,2462.05
21-Nov-2024 13:05:00,9.058,0.036,0.8,2462.1
21-Nov-2024 13:10:00,9.448,0.034,0.8,2462.14
21-Nov-2024 13:15:00,9.978,0.036,0.95,2462.2
21-Nov-2024 13:20:00,9.46,0.032,0.77,2462.25
21-Nov-2024 13:25:00,9.512,0.032,0.77,2462.29
21-Nov-2024 13:30:00,9.978,0.036,0.93,2462.35
21-Nov-2024 13:35:00,10.004,0.036,0.94,2462.41
21-Nov-2024 13:40:00,9.5,0.034,0.83,2462.45
21-Nov-2024 13:45:00,9.552,0.04,0.96,2462.51
21-Nov-2024 13:50:00,9.94,0.028,0.72,2462.56
21-Nov-2024 13:55:00,9.486,0.036,0.87,2462.61
21-Nov-2024 14:00:00,9.304,0.03,0.71,2462.65
21-Nov-2024 14:05:00,9.344,0.036,0.85,2462.7
21-Nov-2024 14:10:00,9.642,0.018,0.45,2462.73
21-Nov-2024 14:15:00,10.018,0.028,0.72,2462.77
21-Nov-2024 14:20:00,0,0,NaN,2462.77
21-Nov-2024 14:25:00,9.732,0.036,0.91,2462.83
21-Nov-2024 14:30:00,9.862,0.032,0.8,2462.87
21-Nov-2024 14:35:00,9.344,0.028,0.66,2462.91
21-Nov-2024 14:40:00,9.098,0.036,0.83,2462.96
21-Nov-2024 14:45:00,10.108,0.036,0.93,2463.02
21-Nov-2024 14:50:00,10.42,0.042,1.13,2463.09
21-Nov-2024 14:55:00,9.642,0.032,0.79,2463.14
21-Nov-2024 15:00:00,10.42,0.014,0.39,2463.16
21-Nov-2024 15:05:00,10.626,0.022,0.62,2463.2
21-Nov-2024 15:10:00,10.03,0.032,0.84,2463.25
21-Nov-2024 15:15:00,9.434,0.038,0.92,2463.3
21-Nov-2024 15:20:00,9.292,0.032,0.74,2463.35
21-Nov-2024 15:25:00,10.406,0.026,0.71,2463.39
21-Nov-2024 15:30:00,9.876,0.034,0.87,2463.44
21-Nov-2024 15:35:00,8.956,0.034,0.77,2463.49
21-Nov-2024 15:40:00,9.344,0.04,0.92,2463.54
21-Nov-2024 15:45:00,9.214,0.028,0.64,2463.58
21-Nov-2024 15:50:00,10.522,0.036,1.01,2463.64
21-Nov-2024 15:55:00,10.03,0.034,0.89,2463.69
21-Nov-2024 16:00:00,10.224,0.04,1.04,2463.76
21-Nov-2024 16:05:00,10.056,0.022,0.56,2463.79
21-Nov-2024 16:10:00,10.134,0.038,1.01,2463.85
21-Nov-2024 16:15:00,9.474,0.036,0.85,2463.9
21-Nov-2024 16:20:00,10.238,0.032,0.84,2463.95
21-Nov-2024 16:25:00,10.846,0.044,1.29,2464.03
21-Nov-2024 16:30:00,10.316,0.042,1.11,2464.1
21-Nov-2024 16:35:00,10.07,0.04,1.03,2464.16
21-Nov-2024 16:40:00,9.512,0.038,0.91,2464.21
21-Nov-2024 16:45:00,9.538,0.036,0.88,2464.27
21-Nov-2024 16:50:00,10.354,0.03,0.8,2464.31
21-Nov-2024 16:55:00,10.224,0.032,0.85,2464.36
21-Nov-2024 17:00:00,9.914,0.03,0.77,2464.41
21-Nov-2024 17:05:00,10.264,0.034,0.89,2464.46
21-Nov-2024 17:10:00,9.784,0.032,0.81,2464.51
21-Nov-2024 17:15:00,10.018,0.034,0.88,2464.57
21-Nov-2024 17:20:00,10.004,0.028,0.73,2464.61
21-Nov-2024 17:25:00,9.952,0.034,0.88,2464.66
21-Nov-2024 17:30:00,9.072,0.03,0.69,2464.7
21-Nov-2024 17:35:00,9.732,0.032,0.81,2464.75
21-Nov-2024 17:40:00,10.302,0.032,0.88,2464.81
21-Nov-2024 17:45:00,9.85,0.036,0.91,2464.86
21-Nov-2024 17:50:00,10.458,0.022,0.62,2464.9
21-Nov-2024 17:55:00,11.118,0.036,1.09,2464.96
21-Nov-2024 18:00:00,10.744,0.024,0.67,2465
21-Nov-2024 18:05:00,10.432,0.024,0.66,2465.04
21-Nov-2024 18:10:00,10.044,0.024,0.61,2465.08
21-Nov-2024 18:15:00,10.186,0.026,0.69,2465.12
21-Nov-2024 18:20:00,10.018,0.022,0.55,2465.15
21-Nov-2024 18:25:00,10.99,0.034,0.97,2465.21
21-Nov-2024 18:30:00,9.642,0.038,0.93,2465.27
21-Nov-2024 18:35:00,10.056,0.034,0.88,2465.32
21-Nov-2024 18:40:00,9.434,0.038,0.89,2465.37
21-Nov-2024 18:45:00,9.746,0.04,0.99,2465.43
21-Nov-2024 18:50:00,9.24,0.038,0.89,2465.49
21-Nov-2024 18:55:00,11.028,0.024,0.69,2465.53
21-Nov-2024 19:00:00,9.602,0.026,0.64,2465.57
21-Nov-2024 19:05:00,9.28,0.034,0.8,2465.61
21-Nov-2024 19:10:00,9.952,0.032,0.82,2465.66
21-Nov-2024 19:15:00,10.756,0.028,0.83,2465.71
21-Nov-2024 19:20:00,9.888,0.026,0.67,2465.75
21-Nov-2024 19:25:00,9.732,0.04,1,2465.81
21-Nov-2024 19:30:00,9.824,0.024,0.6,2465.85
21-Nov-2024 19:35:00,10.976,0.03,0.91,2465.9
21-Nov-2024 19:40:00,9.758,0.04,1.01,2465.96
21-Nov-2024 19:45:00,10.122,0.032,0.82,2466.01
21-Nov-2024 19:50:00,9.746,0.026,0.63,2466.05
21-Nov-2024 19:55:00,10.29,0.032,0.84,2466.1
21-Nov-2024 20:00:00,10.186,0.034,0.92,2466.16
21-Nov-2024 20:05:00,10.458,0.036,0.99,2466.22
21-Nov-2024 20:10:00,11.792,0.028,0.87,2466.27
21-Nov-2024 20:15:00,10.276,0.042,1.12,2466.33
21-Nov-2024 20:20:00,11.042,0.03,0.9,2466.39
21-Nov-2024 20:25:00,10.562,0.026,0.71,2466.43
21-Nov-2024 20:30:00,10.82,0.028,0.78,2466.48
21-Nov-2024 20:35:00,9.422,0.026,0.62,2466.52
21-Nov-2024 20:40:00,10.446,0.028,0.78,2466.56
21-Nov-2024 20:45:00,10.574,0.028,0.77,2466.61
21-Nov-2024 20:50:00,10.86,0.024,0.69,2466.65
21-Nov-2024 20:55:00,10.446,0.022,0.61,2466.69
21-Nov-2024 21:00:00,11.184,0.038,1.12,2466.75
21-Nov-2024 21:05:00,9.784,0.034,0.85,2466.81
21-Nov-2024 21:10:00,10.548,0.028,0.79,2466.85
21-Nov-2024 21:15:00,10.86,0.054,1.53,2466.94
21-Nov-2024 21:20:00,11.404,0.04,1.26,2467.02
21-Nov-2024 21:25:00,10.148,0.038,0.99,2467.08
21-Nov-2024 21:30:00,10.25,0.028,0.74,2467.12
21-Nov-2024 21:35:00,10.938,0.028,0.83,2467.17
21-Nov-2024 21:40:00,11.624,0.032,1,2467.23
21-Nov-2024 21:45:00,9.486,0.038,0.92,2467.29
21-Nov-2024 21:50:00,9.72,0.024,0.61,2467.32
21-Nov-2024 21:55:00,9.81,0.04,1,2467.39
21-Nov-2024 22:00:00,9.422,0.036,0.84,2467.44
21-Nov-2024 22:05:00,10.224,0.026,0.67,2467.48
21-Nov-2024 22:10:00,10.044,0.026,0.65,2467.51
21-Nov-2024 22:15:00,10.406,0.044,1.19,2467.59
21-Nov-2024 22:20:00,11.352,0.036,1.11,2467.65
21-Nov-2024 22:25:00,10.29,0.02,0.55,2467.69
21-Nov-2024 22:30:00,11.352,0.032,1,2467.75
21-Nov-2024 22:35:00,10.108,0.022,0.57,2467.78
21-Nov-2024 22:40:00,11.404,0.028,0.87,2467.83
21-Nov-2024 22:45:00,10.666,0.046,1.28,2467.91
21-Nov-2024 22:50:00,9.784,0.026,0.67,2467.95
21-Nov-2024 22:55:00,11.598,0.046,1.47,2468.04
21-Nov-2024 23:00:00,10.25,0.036,0.96,2468.1
21-Nov-2024 23:05:00,11.404,0.044,1.33,2468.17
21-Nov-2024 23:10:00,10.276,0.04,1.07,2468.24
21-Nov-2024 23:15:00,10.316,0.044,1.16,2468.31
21-Nov-2024 23:20:00,10.148,0.04,1.03,2468.37
21-Nov-2024 23:25:00,10.354,0.036,0.96,2468.43
21-Nov-2024 23:30:00,10.328,0.024,0.66,2468.47
21-Nov-2024 23:35:00,11.158,0.052,1.53,2468.56
21-Nov-2024 23:40:00,10.238,0.042,1.14,2468.63
21-Nov-2024 23:45:00,9.202,0.036,0.83,2468.68
21-Nov-2024 23:50:00,10.406,0.04,1.08,2468.74
21-Nov-2024 23:55:00,9.706,0.038,0.96,2468.8
22-Nov-2024 00:00:00,10.044,0.028,0.73,2468.84
22-Nov-2024 00:05:00,9.176,0.032,0.74,2468.89
22-Nov-2024 00:10:00,9.888,0.026,0.67,2468.93
22-Nov-2024 00:15:00,8.904,0.032,0.7,2468.97
22-Nov-2024 00:20:00,9.422,0.028,0.65,2469.01
22-Nov-2024 00:25:00,9.33,0.038,0.87,2469.06
22-Nov-2024 00:30:00,9.448,0.04,0.98,2469.12
22-Nov-2024 00:35:00,9.46,0.028,0.68,2469.16
22-Nov-2024 00:40:00,9.5,0.028,0.67,2469.2
22-Nov-2024 00:45:00,10.056,0.03,0.77,2469.25
22-Nov-2024 00:50:00,9.5,0.026,0.63,2469.29
22-Nov-2024 00:55:00,9.202,0.024,0.54,2469.32
22-Nov-2024 01:00:00,9.202,0.032,0.75,2469.36
22-Nov-2024 01:05:00,8.774,0.028,0.59,2469.4
22-Nov-2024 01:10:00,8.748,0.024,0.53,2469.43
22-Nov-2024 01:15:00,8.812,0.024,0.53,2469.46
22-Nov-2024 01:20:00,8.708,0.02,0.44,2469.49
22-Nov-2024 01:25:00,8.774,0.02,0.42,2469.51
22-Nov-2024 01:30:00,8.968,0.034,0.75,2469.56
22-Nov-2024 01:35:00,8.618,0.026,0.56,2469.59
22-Nov-2024 01:40:00,8.864,0.028,0.62,2469.63
22-Nov-2024 01:45:00,8.528,0.02,0.41,2469.65
22-Nov-2024 01:50:00,8.838,0.018,0.39,2469.68
22-Nov-2024 01:55:00,8.8,0.02,0.45,2469.7
22-Nov-2024 02:00:00,9.02,0.02,0.47,2469.73
22-Nov-2024 02:05:00,8.554,0.014,0.31,2469.75
22-Nov-2024 02:10:00,8.566,0.018,0.39,2469.77
22-Nov-2024 02:15:00,8.878,0.032,0.7,2469.82
22-Nov-2024 02:20:00,8.67,0.026,0.54,2469.85
22-Nov-2024 02:25:00,8.786,0.026,0.54,2469.88
22-Nov-2024 02:30:00,8.968,0.024,0.51,2469.91
22-Nov-2024 02:35:00,9.628,0.02,0.51,2469.94
22-Nov-2024 02:40:00,8.58,0.026,0.55,2469.98
22-Nov-2024 02:45:00,9.02,0.026,0.58,2470.01
22-Nov-2024 02:50:00,8.696,0.018,0.39,2470.03
22-Nov-2024 02:55:00,8.696,0.022,0.45,2470.06
22-Nov-2024 03:00:00,8.644,0.02,0.44,2470.09
22-Nov-2024 03:05:00,8.684,0.016,0.35,2470.11
22-Nov-2024 03:10:00,8.89,0.024,0.53,2470.14
22-Nov-2024 03:15:00,8.864,0.026,0.56,2470.17
22-Nov-2024 03:20:00,8.708,0.026,0.55,2470.21
22-Nov-2024 03:25:00,8.58,0.022,0.44,2470.23
22-Nov-2024 03:30:00,8.786,0.024,0.53,2470.27
22-Nov-2024 03:35:00,8.878,0.034,0.74,2470.31
22-Nov-2024 03:40:00,8.852,0.024,0.52,2470.34
22-Nov-2024 03:45:00,8.58,0.02,0.4,2470.37
22-Nov-2024 03:50:00,8.632,0.02,0.41,2470.39
22-Nov-2024 03:55:00,8.58,0.014,0.31,2470.41
22-Nov-2024 04:00:00,8.462,0.018,0.35,2470.43
22-Nov-2024 04:05:00,8.528,0.016,0.34,2470.45
22-Nov-2024 04:10:00,8.684,0.016,0.34,2470.47
22-Nov-2024 04:15:00,8.566,0.018,0.36,2470.49
22-Nov-2024 04:20:00,8.632,0.024,0.51,2470.52
22-Nov-2024 04:25:00,9.058,0.026,0.58,2470.56
22-Nov-2024 04:30:00,8.618,0.02,0.42,2470.58
22-Nov-2024 04:35:00,8.942,0.02,0.42,2470.61
22-Nov-2024 04:40:00,8.826,0.016,0.34,2470.63
22-Nov-2024 04:45:00,8.566,0.016,0.34,2470.65
22-Nov-2024 04:50:00,8.58,0.018,0.37,2470.67
22-Nov-2024 04:55:00,8.54,0.02,0.41,2470.69
22-Nov-2024 05:00:00,8.968,0.022,0.5,2470.72
22-Nov-2024 05:05:00,8.786,0.028,0.6,2470.76
22-Nov-2024 05:10:00,8.838,0.03,0.67,2470.8
22-Nov-2024 05:15:00,8.632,0.026,0.56,2470.83
22-Nov-2024 05:20:00,8.76,0.028,0.61,2470.87
22-Nov-2024 05:25:00,9.318,0.024,0.55,2470.9
22-Nov-2024 05:30:00,8.618,0.022,0.46,2470.93
22-Nov-2024 05:35:00,8.502,0.02,0.41,2470.96
22-Nov-2024 05:40:00,8.942,0.034,0.75,2471
22-Nov-2024 05:45:00,8.878,0.022,0.46,2471.03
22-Nov-2024 05:50:00,9.434,0.03,0.72,2471.07
22-Nov-2024 05:55:00,11.392,0.022,0.69,2471.11
22-Nov-2024 06:00:00,10.6,0.022,0.6,2471.15
22-Nov-2024 06:05:00,11.028,0.042,1.23,2471.22
22-Nov-2024 06:10:00,10.056,0.04,1.05,2471.29
22-Nov-2024 06:15:00,10.044,0.03,0.8,2471.33
22-Nov-2024 06:20:00,10.42,0.026,0.7,2471.38
22-Nov-2024 06:25:00,9.434,0.036,0.88,2471.43
22-Nov-2024 06:30:00,9.992,0.032,0.84,2471.48
22-Nov-2024 06:35:00,10.692,0.048,1.34,2471.56
22-Nov-2024 06:40:00,10.692,0.028,0.79,2471.61
22-Nov-2024 06:45:00,11.352,0.028,0.88,2471.66
22-Nov-2024 06:50:00,11.74,0.044,1.4,2471.74
22-Nov-2024 06:55:00,11.002,0.028,0.81,2471.79
22-Nov-2024 07:00:00,0,0,NaN,2471.79
22-Nov-2024 07:05:00,9.888,0.038,0.96,2471.85
22-Nov-2024 07:10:00,10.186,0.024,0.61,2471.89
22-Nov-2024 07:15:00,10.82,0.026,0.72,2471.93
22-Nov-2024 07:20:00,11.002,0.028,0.8,2471.98
22-Nov-2024 07:25:00,9.876,0.024,0.62,2472.02
22-Nov-2024 07:30:00,10.212,0.038,1.02,2472.08
22-Nov-2024 07:35:00,11.352,0.028,0.83,2472.13
22-Nov-2024 07:40:00,10.692,0.034,0.93,2472.18
22-Nov-2024 07:45:00,10.964,0.028,0.82,2472.23
22-Nov-2024 07:50:00,11.196,0.024,0.75,2472.28
22-Nov-2024 07:55:00,11.91,0.042,1.38,2472.36
22-Nov-2024 08:00:00,10.548,0.042,1.14,2472.43
22-Nov-2024 08:05:00,10.29,0.036,0.97,2472.49
22-Nov-2024 08:10:00,9.94,0.03,0.75,2472.53
22-Nov-2024 08:15:00,9.94,0.036,0.91,2472.58
22-Nov-2024 08:20:00,10.354,0.03,0.82,2472.63
22-Nov-2024 08:25:00,9.888,0.036,0.91,2472.69
22-Nov-2024 08:30:00,9.46,0.034,0.8,2472.74
22-Nov-2024 08:35:00,11.106,0.024,0.73,2472.78
22-Nov-2024 08:40:00,9.926,0.038,0.95,2472.84
22-Nov-2024 08:45:00,9.254,0.018,0.41,2472.86
22-Nov-2024 08:50:00,9.836,0.034,0.86,2472.91
22-Nov-2024 08:55:00,9.654,0.026,0.63,2472.95
22-Nov-2024 09:00:00,10.522,0.022,0.63,2472.99
22-Nov-2024 09:05:00,10.122,0.026,0.66,2473.03
22-Nov-2024 09:10:00,10.108,0.038,0.98,2473.09
22-Nov-2024 09:15:00,10.108,0.028,0.76,2473.13
22-Nov-2024 09:20:00,10.6,0.024,0.66,2473.17
22-Nov-2024 09:25:00,10.224,0.028,0.75,2473.22
22-Nov-2024 09:30:00,9.992,0.03,0.79,2473.27
22-Nov-2024 09:35:00,10.018,0.024,0.64,2473.3
22-Nov-2024 09:40:00,9.668,0.03,0.72,2473.35
22-Nov-2024 09:45:00,10.224,0.044,1.16,2473.42
22-Nov-2024 09:50:00,10.03,0.032,0.84,2473.47
22-Nov-2024 09:55:00,9.85,0.034,0.88,2473.52
22-Nov-2024 10:00:00,9.33,0.03,0.69,2473.56
22-Nov-2024 10:05:00,9.966,0.03,0.79,2473.61
22-Nov-2024 10:10:00,9.952,0.024,0.61,2473.65
22-Nov-2024 10:15:00,11.028,0.02,0.58,2473.68
22-Nov-2024 10:20:00,10.472,0.022,0.58,2473.72
22-Nov-2024 10:25:00,10.472,0.036,1,2473.78
22-Nov-2024 10:30:00,10.264,0.03,0.8,2473.82
22-Nov-2024 10:35:00,9.382,0.038,0.89,2473.88
22-Nov-2024 10:40:00,9.15,0.028,0.66,2473.92
22-Nov-2024 10:45:00,8.968,0.03,0.65,2473.96
22-Nov-2024 10:50:00,9.006,0.02,0.46,2473.98
22-Nov-2024 10:55:00,9.046,0.034,0.78,2474.03
22-Nov-2024 11:00:00,10.652,0.024,0.69,2474.07
22-Nov-2024 11:05:00,9.616,0.024,0.56,2474.11
22-Nov-2024 11:10:00,10.446,0.032,0.9,2474.16
22-Nov-2024 11:15:00,10.77,0.028,0.8,2474.21
22-Nov-2024 11:20:00,10.718,0.024,0.66,2474.25
22-Nov-2024 11:25:00,10.782,0.032,0.89,2474.3
22-Nov-2024 11:30:00,11.222,0.036,1.09,2474.37
22-Nov-2024 11:35:00,8.476,0.034,0.71,2474.41
22-Nov-2024 11:40:00,8.968,0.032,0.73,2474.45
22-Nov-2024 11:45:00,9.24,0.034,0.78,2474.5
22-Nov-2024 11:50:00,9.434,0.034,0.79,2474.55
22-Nov-2024 11:55:00,10.056,0.026,0.68,2474.59
22-Nov-2024 12:00:00,9.356,0.03,0.69,2474.63
22-Nov-2024 12:05:00,9.292,0.044,1.02,2474.69
22-Nov-2024 12:10:00,10.224,0.026,0.7,2474.73
22-Nov-2024 12:15:00,10.82,0.036,1.06,2474.8
22-Nov-2024 12:20:00,11.184,0.036,1.1,2474.86
22-Nov-2024 12:25:00,8.774,0.042,0.89,2474.91
22-Nov-2024 12:30:00,8.852,0.044,0.94,2474.97
22-Nov-2024 12:35:00,8.852,0.038,0.82,2475.02
22-Nov-2024 12:40:00,8.502,0.034,0.72,2475.06
22-Nov-2024 12:45:00,9.552,0.036,0.87,2475.12
22-Nov-2024 12:50:00,8.398,0.032,0.66,2475.16
22-Nov-2024 12:55:00,8.942,0.028,0.61,2475.19
22-Nov-2024 13:00:00,8.812,0.034,0.72,2475.23
22-Nov-2024 13:05:00,8.606,0.032,0.67,2475.28
22-Nov-2024 13:10:00,8.372,0.034,0.7,2475.32
22-Nov-2024 13:15:00,8.76,0.034,0.73,2475.36
22-Nov-2024 13:20:00,8.8,0.032,0.7,2475.4
22-Nov-2024 13:25:00,9.552,0.028,0.66,2475.44
22-Nov-2024 13:30:00,10.276,0.026,0.69,2475.48
22-Nov-2024 13:35:00,8.58,0.034,0.69,2475.53
22-Nov-2024 13:40:00,9.24,0.032,0.73,2475.57
22-Nov-2024 13:45:00,10.276,0.046,1.22,2475.64
22-Nov-2024 13:50:00,9.11,0.018,0.42,2475.67
22-Nov-2024 13:55:00,8.696,0.038,0.82,2475.72
22-Nov-2024 14:00:00,9.59,0.048,1.17,2475.79
22-Nov-2024 14:05:00,9.694,0.028,0.69,2475.83
22-Nov-2024 14:10:00,8.812,0.032,0.7,2475.87
22-Nov-2024 14:15:00,10.808,0.024,0.67,2475.91
22-Nov-2024 14:20:00,10.704,0.026,0.72,2475.95
22-Nov-2024 14:25:00,10.574,0.032,0.87,2476.01
22-Nov-2024 14:30:00,10.406,0.046,1.27,2476.08
22-Nov-2024 14:35:00,11.21,0.05,1.48,2476.17
22-Nov-2024 14:40:00,10.134,0.038,0.99,2476.23
22-Nov-2024 14:45:00,10.704,0.026,0.71,2476.27
22-Nov-2024 14:50:00,10.484,0.03,0.84,2476.32
22-Nov-2024 14:55:00,10.108,0.028,0.75,2476.37
22-Nov-2024 15:00:00,10.198,0.034,0.9,2476.42
22-Nov-2024 15:05:00,9.888,0.044,1.13,2476.49
22-Nov-2024 15:10:00,10.342,0.046,1.27,2476.57
22-Nov-2024 15:15:00,8.93,0.034,0.74,2476.61
22-Nov-2024 15:20:00,10.574,0.038,1.06,2476.67
22-Nov-2024 15:25:00,10.25,0.054,1.46,2476.76
22-Nov-2024 15:30:00,10.458,0.022,0.6,2476.8
22-Nov-2024 15:35:00,10.044,0.02,0.52,2476.83
22-Nov-2024 15:40:00,10.744,0.034,1,2476.89
22-Nov-2024 15:45:00,9.072,0.026,0.57,2476.92
22-Nov-2024 15:50:00,9.124,0.036,0.83,2476.97
22-Nov-2024 15:55:00,9.512,0.03,0.72,2477.02
22-Nov-2024 16:00:00,9.356,0.032,0.77,2477.06
22-Nov-2024 16:05:00,10.03,0.046,1.18,2477.13
22-Nov-2024 16:10:00,9.136,0.032,0.73,2477.18
22-Nov-2024 16:15:00,9.706,0.022,0.53,2477.21
22-Nov-2024 16:20:00,9.448,0.024,0.59,2477.24
22-Nov-2024 16:25:00,10.264,0.022,0.58,2477.28
22-Nov-2024 16:30:00,9.68,0.02,0.51,2477.31
22-Nov-2024 16:35:00,10.056,0.026,0.69,2477.35
22-Nov-2024 16:40:00,9.876,0.028,0.69,2477.39
22-Nov-2024 16:45:00,12.194,0.028,0.91,2477.45
22-Nov-2024 16:50:00,10.574,0.022,0.61,2477.48
22-Nov-2024 16:55:00,11.144,0.028,0.86,2477.53
22-Nov-2024 17:00:00,10.302,0.02,0.56,2477.57
22-Nov-2024 17:05:00,10.626,0.03,0.82,2477.62
22-Nov-2024 17:10:00,10.148,0.024,0.63,2477.65
22-Nov-2024 17:15:00,10.394,0.034,0.9,2477.71
22-Nov-2024 17:20:00,9.668,0.028,0.68,2477.75
22-Nov-2024 17:25:00,10.198,0.054,1.44,2477.84
22-Nov-2024 17:30:00,9.836,0.034,0.85,2477.89
22-Nov-2024 17:35:00,10.394,0.048,1.29,2477.96
22-Nov-2024 17:40:00,9.836,0.024,0.63,2478
22-Nov-2024 17:45:00,9.862,0.028,0.72,2478.04
22-Nov-2024 17:50:00,12.116,0.03,1,2478.1
22-Nov-2024 17:55:00,10.64,0.02,0.58,2478.14
22-Nov-2024 18:00:00,10.446,0.05,1.38,2478.22
22-Nov-2024 18:05:00,9.9,0.04,1.04,2478.28
22-Nov-2024 18:10:00,9.85,0.042,1.05,2478.35
22-Nov-2024 18:15:00,9.72,0.036,0.92,2478.4
22-Nov-2024 18:20:00,9.888,0.046,1.16,2478.47
22-Nov-2024 18:25:00,10.004,0.022,0.55,2478.51
22-Nov-2024 18:30:00,9.94,0.024,0.63,2478.54
22-Nov-2024 18:35:00,10.718,0.062,1.76,2478.65
22-Nov-2024 18:40:00,9.538,0.024,0.58,2478.68
22-Nov-2024 18:45:00,9.824,0.046,1.16,2478.75
22-Nov-2024 18:50:00,9.784,0.022,0.55,2478.79
22-Nov-2024 18:55:00,10.224,0.044,1.17,2478.86
22-Nov-2024 19:00:00,10.264,0.03,0.81,2478.91
22-Nov-2024 19:05:00,9.798,0.042,1.05,2478.97
22-Nov-2024 19:10:00,9.176,0.034,0.78,2479.02
22-Nov-2024 19:15:00,8.994,0.034,0.74,2479.06
22-Nov-2024 19:20:00,9.966,0.02,0.53,2479.09
22-Nov-2024 19:25:00,10.134,0.028,0.72,2479.14
22-Nov-2024 19:30:00,9.552,0.026,0.62,2479.17
22-Nov-2024 19:35:00,10.328,0.032,0.88,2479.23
22-Nov-2024 19:40:00,10.264,0.02,0.56,2479.26
22-Nov-2024 19:45:00,10.938,0.036,1.05,2479.32
22-Nov-2024 19:50:00,10.082,0.02,0.5,2479.35
22-Nov-2024 19:55:00,10.704,0.03,0.84,2479.4
22-Nov-2024 20:00:00,10.29,0.032,0.86,2479.45
22-Nov-2024 20:05:00,9.888,0.036,0.93,2479.51
22-Nov-2024 20:10:00,9.616,0.024,0.56,2479.54
22-Nov-2024 20:15:00,9.422,0.026,0.62,2479.58
22-Nov-2024 20:20:00,9.396,0.036,0.88,2479.63
22-Nov-2024 20:25:00,9.512,0.034,0.84,2479.68
22-Nov-2024 20:30:00,9.058,0.034,0.76,2479.73
22-Nov-2024 20:35:00,10.276,0.046,1.22,2479.8
22-Nov-2024 20:40:00,10.432,0.03,0.85,2479.85
22-Nov-2024 20:45:00,9.888,0.044,1.11,2479.92
22-Nov-2024 20:50:00,9.28,0.024,0.56,2479.95
22-Nov-2024 20:55:00,11.288,0.026,0.81,2480
22-Nov-2024 21:00:00,9.85,0.02,0.51,2480.03
22-Nov-2024 21:05:00,10.316,0.05,1.36,2480.11
22-Nov-2024 21:10:00,9.926,0.05,1.26,2480.19
22-Nov-2024 21:15:00,10.186,0.042,1.11,2480.26
22-Nov-2024 21:20:00,10.302,0.032,0.88,2480.31
22-Nov-2024 21:25:00,10.174,0.028,0.75,2480.35
22-Nov-2024 21:30:00,9.176,0.046,1.04,2480.42
22-Nov-2024 21:35:00,9.772,0.032,0.78,2480.46
22-Nov-2024 21:40:00,9.448,0.034,0.79,2480.51
22-Nov-2024 21:45:00,10.342,0.03,0.8,2480.56
22-Nov-2024 21:50:00,9.526,0.028,0.68,2480.6
22-Nov-2024 21:55:00,8.904,0.024,0.53,2480.63
22-Nov-2024 22:00:00,8.864,0.032,0.69,2480.67
22-Nov-2024 22:05:00,8.982,0.026,0.56,2480.71
22-Nov-2024 22:10:00,9.642,0.026,0.64,2480.75
22-Nov-2024 22:15:00,9.24,0.036,0.82,2480.79
22-Nov-2024 22:20:00,9.914,0.026,0.67,2480.83
22-Nov-2024 22:25:00,9.798,0.04,1.03,2480.9
22-Nov-2024 22:30:00,9.46,0.036,0.87,2480.95
22-Nov-2024 22:35:00,9.68,0.024,0.59,2480.98
22-Nov-2024 22:40:00,10.704,0.042,1.17,2481.05
22-Nov-2024 22:45:00,10.77,0.05,1.41,2481.14
22-Nov-2024 22:50:00,10.174,0.032,0.87,2481.19
22-Nov-2024 22:55:00,10.25,0.044,1.16,2481.26
22-Nov-2024 23:00:00,10.096,0.04,1.04,2481.32
22-Nov-2024 23:05:00,10.212,0.03,0.77,2481.37
22-Nov-2024 23:10:00,10.056,0.044,1.15,2481.44
22-Nov-2024 23:15:00,9.602,0.036,0.9,2481.49
22-Nov-2024 23:20:00,10.082,0.022,0.56,2481.53
22-Nov-2024 23:25:00,9.992,0.028,0.74,2481.57
22-Nov-2024 23:30:00,9.81,0.036,0.88,2481.62
22-Nov-2024 23:35:00,9.85,0.046,1.15,2481.69
22-Nov-2024 23:40:00,0,0,NaN,2481.69
22-Nov-2024 23:45:00,9.486,0.038,0.92,2481.75
22-Nov-2024 23:50:00,9.68,0.038,0.93,2481.8
22-Nov-2024 23:55:00,8.786,0.026,0.57,2481.84
23-Nov-2024 00:00:00,9.02,0.028,0.61,2481.87
23-Nov-2024 00:05:00,10.018,0.018,0.44,2481.9
23-Nov-2024 00:10:00,10.134,0.04,1.07,2481.96
23-Nov-2024 00:15:00,10.16,0.042,1.1,2482.03
23-Nov-2024 00:20:00,9.356,0.034,0.8,2482.08
23-Nov-2024 00:25:00,9.926,0.04,1.01,2482.14
23-Nov-2024 00:30:00,10.458,0.046,1.28,2482.22
23-Nov-2024 00:35:00,10.122,0.048,1.28,2482.29
23-Nov-2024 00:40:00,9.746,0.026,0.66,2482.33
23-Nov-2024 00:45:00,9.474,0.028,0.67,2482.37
23-Nov-2024 00:50:00,9.59,0.036,0.89,2482.43
23-Nov-2024 00:55:00,9.694,0.046,1.12,2482.49
23-Nov-2024 01:00:00,10.148,0.046,1.24,2482.57
23-Nov-2024 01:05:00,9.474,0.036,0.86,2482.62
23-Nov-2024 01:10:00,9.202,0.028,0.63,2482.66
23-Nov-2024 01:15:00,9.952,0.046,1.18,2482.73
23-Nov-2024 01:20:00,9.228,0.034,0.77,2482.77
23-Nov-2024 01:25:00,8.644,0.02,0.44,2482.8
23-Nov-2024 01:30:00,8.554,0.022,0.45,2482.83
23-Nov-2024 01:35:00,8.708,0.022,0.47,2482.86
23-Nov-2024 01:40:00,8.722,0.024,0.49,2482.89
23-Nov-2024 01:45:00,8.722,0.026,0.57,2482.92
23-Nov-2024 01:50:00,8.904,0.02,0.42,2482.94
23-Nov-2024 01:55:00,8.786,0.028,0.62,2482.98
23-Nov-2024 02:00:00,8.618,0.028,0.57,2483.02
23-Nov-2024 02:05:00,8.878,0.02,0.45,2483.04
23-Nov-2024 02:10:00,8.554,0.016,0.33,2483.06
23-Nov-2024 02:15:00,8.658,0.028,0.6,2483.1
23-Nov-2024 02:20:00,8.786,0.02,0.42,2483.12
23-Nov-2024 02:25:00,8.93,0.02,0.42,2483.15
23-Nov-2024 02:30:00,8.684,0.032,0.68,2483.19
23-Nov-2024 02:35:00,8.916,0.02,0.42,2483.22
23-Nov-2024 02:40:00,8.488,0.014,0.28,2483.23
23-Nov-2024 02:45:00,8.786,0.018,0.38,2483.26
23-Nov-2024 02:50:00,9.006,0.034,0.76,2483.3
23-Nov-2024 02:55:00,9.836,0.054,1.36,2483.38
23-Nov-2024 03:00:00,9.058,0.04,0.9,2483.44
23-Nov-2024 03:05:00,9.448,0.03,0.74,2483.48
23-Nov-2024 03:10:00,8.916,0.028,0.62,2483.52
23-Nov-2024 03:15:00,9.136,0.02,0.45,2483.54
23-Nov-2024 03:20:00,9.304,0.022,0.5,2483.58
23-Nov-2024 03:25:00,8.812,0.022,0.48,2483.6
23-Nov-2024 03:30:00,8.89,0.02,0.45,2483.63
23-Nov-2024 03:35:00,8.67,0.022,0.48,2483.66
23-Nov-2024 03:40:00,8.722,0.03,0.64,2483.7
23-Nov-2024 03:45:00,8.722,0.026,0.54,2483.73
23-Nov-2024 03:50:00,8.632,0.024,0.52,2483.76
23-Nov-2024 03:55:00,8.708,0.03,0.63,2483.8
23-Nov-2024 04:00:00,8.632,0.02,0.43,2483.83
23-Nov-2024 04:05:00,8.786,0.032,0.68,2483.87
23-Nov-2024 04:10:00,8.684,0.028,0.59,2483.9
23-Nov-2024 04:15:00,8.812,0.028,0.63,2483.94
23-Nov-2024 04:20:00,9.642,0.042,1.05,2484
23-Nov-2024 04:25:00,8.89,0.028,0.6,2484.04
23-Nov-2024 04:30:00,8.916,0.026,0.55,2484.07
23-Nov-2024 04:35:00,8.566,0.018,0.35,2484.09
23-Nov-2024 04:40:00,8.734,0.024,0.5,2484.12
23-Nov-2024 04:45:00,8.878,0.02,0.43,2484.15
23-Nov-2024 04:50:00,8.58,0.012,0.24,2484.16
23-Nov-2024 04:55:00,8.436,0.014,0.31,2484.18
23-Nov-2024 05:00:00,8.54,0.012,0.26,2484.2
23-Nov-2024 05:05:00,8.956,0.018,0.39,2484.22
23-Nov-2024 05:10:00,8.566,0.014,0.28,2484.24
23-Nov-2024 05:15:00,8.722,0.02,0.42,2484.26
23-Nov-2024 05:20:00,9.798,0.022,0.56,2484.3
23-Nov-2024 05:25:00,9.072,0.016,0.37,2484.32
23-Nov-2024 05:30:00,9.046,0.018,0.4,2484.34
23-Nov-2024 05:35:00,8.774,0.016,0.34,2484.36
23-Nov-2024 05:40:00,8.618,0.026,0.55,2484.4
23-Nov-2024 05:45:00,8.708,0.012,0.26,2484.41
23-Nov-2024 05:50:00,8.644,0.026,0.54,2484.44
23-Nov-2024 05:55:00,9.058,0.026,0.57,2484.48
23-Nov-2024 06:00:00,8.878,0.024,0.51,2484.51
23-Nov-2024 06:05:00,8.878,0.012,0.26,2484.52
23-Nov-2024 06:10:00,9.162,0.03,0.69,2484.57
23-Nov-2024 06:15:00,9.084,0.028,0.63,2484.6
23-Nov-2024 06:20:00,9.136,0.02,0.46,2484.63
23-Nov-2024 06:25:00,8.786,0.012,0.28,2484.65
23-Nov-2024 06:30:00,8.982,0.014,0.32,2484.67
23-Nov-2024 06:35:00,8.658,0.01,0.22,2484.68
23-Nov-2024 06:40:00,9.02,0.028,0.64,2484.72
23-Nov-2024 06:45:00,8.684,0.016,0.35,2484.74
23-Nov-2024 06:50:00,9.084,0.012,0.27,2484.76
23-Nov-2024 06:55:00,9.032,0.012,0.28,2484.77
23-Nov-2024 07:00:00,9.072,0.012,0.29,2484.79
23-Nov-2024 07:05:00,9.006,0.024,0.54,2484.82
23-Nov-2024 07:10:00,8.76,0.014,0.32,2484.84
23-Nov-2024 07:15:00,8.852,0.02,0.45,2484.87
23-Nov-2024 07:20:00,8.838,0.018,0.38,2484.89
23-Nov-2024 07:25:00,9.15,0.03,0.68,2484.93
23-Nov-2024 07:30:00,9.176,0.036,0.82,2484.98
23-Nov-2024 07:35:00,8.994,0.03,0.65,2485.02
23-Nov-2024 07:40:00,9.202,0.036,0.84,2485.07
23-Nov-2024 07:45:00,9.28,0.038,0.87,2485.12
23-Nov-2024 07:50:00,9.408,0.026,0.62,2485.16
23-Nov-2024 07:55:00,10.004,0.042,1.08,2485.22
23-Nov-2024 08:00:00,10.198,0.024,0.62,2485.26
23-Nov-2024 08:05:00,10.186,0.02,0.56,2485.3
23-Nov-2024 08:10:00,8.956,0.034,0.74,2485.34
23-Nov-2024 08:15:00,10.004,0.024,0.61,2485.38
23-Nov-2024 08:20:00,9.862,0.036,0.89,2485.43
23-Nov-2024 08:25:00,10.912,0.03,0.9,2485.48
23-Nov-2024 08:30:00,10.756,0.056,1.62,2485.58
23-Nov-2024 08:35:00,9.356,0.034,0.79,2485.63
23-Nov-2024 08:40:00,9.344,0.034,0.82,2485.68
23-Nov-2024 08:45:00,10.316,0.036,0.97,2485.74
23-Nov-2024 08:50:00,9.85,0.04,1,2485.8
23-Nov-2024 08:55:00,9.784,0.032,0.82,2485.84
23-Nov-2024 09:00:00,10.316,0.058,1.54,2485.94
23-Nov-2024 09:05:00,11.714,0.048,1.56,2486.03
23-Nov-2024 09:10:00,9.356,0.03,0.72,2486.07
23-Nov-2024 09:15:00,9.46,0.02,0.47,2486.1
23-Nov-2024 09:20:00,9.228,0.02,0.48,2486.13
23-Nov-2024 09:25:00,9.784,0.024,0.62,2486.17
23-Nov-2024 09:30:00,9.214,0.024,0.54,2486.2
23-Nov-2024 09:35:00,9.616,0.05,1.22,2486.27
23-Nov-2024 09:40:00,9.978,0.034,0.88,2486.33
23-Nov-2024 09:45:00,10.678,0.028,0.79,2486.37
23-Nov-2024 09:50:00,9.746,0.024,0.61,2486.41
23-Nov-2024 09:55:00,10.782,0.028,0.79,2486.46
23-Nov-2024 10:00:00,8.696,0.028,0.62,2486.49
23-Nov-2024 10:05:00,9.266,0.024,0.56,2486.53
23-Nov-2024 10:10:00,9.72,0.028,0.7,2486.57
23-Nov-2024 10:15:00,10.212,0.066,1.75,2486.68
23-Nov-2024 10:20:00,10.238,0.03,0.79,2486.72
23-Nov-2024 10:25:00,9.228,0.046,1.06,2486.79
23-Nov-2024 10:30:00,9.966,0.052,1.31,2486.87
23-Nov-2024 10:35:00,11.262,0.032,0.95,2486.92
23-Nov-2024 10:40:00,9.926,0.026,0.64,2486.96
23-Nov-2024 10:45:00,10.744,0.034,0.95,2487.02
23-Nov-2024 10:50:00,9.81,0.03,0.74,2487.06
23-Nov-2024 10:55:00,8.812,0.032,0.71,2487.1
23-Nov-2024 11:00:00,10.108,0.042,1.09,2487.17
23-Nov-2024 11:05:00,9.952,0.046,1.19,2487.24
23-Nov-2024 11:10:00,9.85,0.058,1.47,2487.33
23-Nov-2024 11:15:00,10.82,0.04,1.18,2487.4
23-Nov-2024 11:20:00,10.522,0.04,1.11,2487.47
23-Nov-2024 11:25:00,9.616,0.024,0.56,2487.5
23-Nov-2024 11:30:00,10.626,0.03,0.84,2487.55
23-Nov-2024 11:35:00,9.188,0.028,0.65,2487.59
23-Nov-2024 11:40:00,9.9,0.026,0.64,2487.63
23-Nov-2024 11:45:00,9.628,0.024,0.58,2487.66
23-Nov-2024 11:50:00,11.392,0.036,1.08,2487.73
23-Nov-2024 11:55:00,10.056,0.026,0.65,2487.77
23-Nov-2024 12:00:00,9.746,0.026,0.62,2487.8
23-Nov-2024 12:05:00,9.602,0.024,0.6,2487.84
23-Nov-2024 12:10:00,10.096,0.024,0.64,2487.88
23-Nov-2024 12:15:00,9.382,0.04,0.95,2487.94
23-Nov-2024 12:20:00,9.356,0.044,1.04,2488
23-Nov-2024 12:25:00,9.564,0.02,0.49,2488.03
23-Nov-2024 12:30:00,9.512,0.022,0.55,2488.06
23-Nov-2024 12:35:00,11.262,0.024,0.73,2488.1
23-Nov-2024 12:40:00,10.186,0.054,1.44,2488.19
23-Nov-2024 12:45:00,10.29,0.022,0.61,2488.23
23-Nov-2024 12:50:00,10.652,0.03,0.87,2488.28
23-Nov-2024 12:55:00,10.744,0.042,1.2,2488.35
23-Nov-2024 13:00:00,10.004,0.05,1.28,2488.43
23-Nov-2024 13:05:00,10.082,0.03,0.8,2488.48
23-Nov-2024 13:10:00,10.718,0.058,1.65,2488.58
23-Nov-2024 13:15:00,10.328,0.04,1.07,2488.64
23-Nov-2024 13:20:00,9.084,0.03,0.69,2488.68
23-Nov-2024 13:25:00,9.876,0.044,1.14,2488.75
23-Nov-2024 13:30:00,9.162,0.048,1.1,2488.82
23-Nov-2024 13:35:00,8.982,0.018,0.38,2488.84
23-Nov-2024 13:40:00,9.24,0.038,0.87,2488.89
23-Nov-2024 13:45:00,9.784,0.054,1.35,2488.97
23-Nov-2024 13:50:00,9.552,0.028,0.69,2489.01
23-Nov-2024 13:55:00,9.33,0.028,0.67,2489.05
23-Nov-2024 14:00:00,9.784,0.036,0.9,2489.11
23-Nov-2024 14:05:00,9.564,0.034,0.82,2489.16
23-Nov-2024 14:10:00,9.758,0.022,0.56,2489.19
23-Nov-2024 14:15:00,9.862,0.036,0.91,2489.24
23-Nov-2024 14:20:00,10.224,0.02,0.51,2489.28
23-Nov-2024 14:25:00,10.846,0.042,1.22,2489.35
23-Nov-2024 14:30:00,11.494,0.044,1.36,2489.43
23-Nov-2024 14:35:00,10.342,0.032,0.86,2489.48
23-Nov-2024 14:40:00,11.832,0.034,1.08,2489.55
23-Nov-2024 14:45:00,10.6,0.036,1.02,2489.61
23-Nov-2024 14:50:00,10.964,0.046,1.34,2489.69
23-Nov-2024 14:55:00,11.21,0.038,1.14,2489.76
23-Nov-2024 15:00:00,11.002,0.044,1.27,2489.83
23-Nov-2024 15:05:00,10.25,0.03,0.78,2489.88
23-Nov-2024 15:10:00,10.912,0.024,0.69,2489.92
23-Nov-2024 15:15:00,11.546,0.032,1.03,2489.98
23-Nov-2024 15:20:00,11.184,0.03,0.89,2490.04
23-Nov-2024 15:25:00,9.952,0.028,0.7,2490.08
23-Nov-2024 15:30:00,10.302,0.02,0.56,2490.11
23-Nov-2024 15:35:00,11.91,0.03,0.99,2490.17
23-Nov-2024 15:40:00,10.976,0.04,1.17,2490.24
23-Nov-2024 15:45:00,9.94,0.022,0.57,2490.28
23-Nov-2024 15:50:00,11.818,0.038,1.25,2490.35
23-Nov-2024 15:55:00,12.31,0.052,1.8,2490.46
23-Nov-2024 16:00:00,11.184,0.04,1.23,2490.53
23-Nov-2024 16:05:00,10.446,0.04,1.07,2490.6
23-Nov-2024 16:10:00,10.562,0.012,0.34,2490.62
23-Nov-2024 16:15:00,10.406,0.018,0.46,2490.64
23-Nov-2024 16:20:00,0,0,NaN,2490.64
23-Nov-2024 16:25:00,11.132,0.018,0.52,2490.68
23-Nov-2024 16:30:00,9.992,0.018,0.46,2490.7
23-Nov-2024 16:35:00,9.098,0.018,0.41,2490.73
23-Nov-2024 16:40:00,9.422,0.014,0.35,2490.75
23-Nov-2024 16:45:00,9.68,0.01,0.25,2490.76
23-Nov-2024 16:50:00,9.926,0.01,0.27,2490.78
23-Nov-2024 16:55:00,11.314,0.016,0.51,2490.81
23-Nov-2024 17:00:00,11.016,0.012,0.38,2490.83
23-Nov-2024 17:05:00,9.772,0.014,0.37,2490.86
23-Nov-2024 17:10:00,10.264,0.014,0.36,2490.88
23-Nov-2024 17:15:00,10.134,0.014,0.36,2490.9
23-Nov-2024 17:20:00,9.798,0.014,0.36,2490.92
23-Nov-2024 17:25:00,10.264,0.012,0.32,2490.94
23-Nov-2024 17:30:00,11.028,0.014,0.41,2490.97
23-Nov-2024 17:35:00,9.5,0.018,0.42,2490.99
23-Nov-2024 17:40:00,8.982,0.018,0.42,2491.02
23-Nov-2024 17:45:00,9.304,0.018,0.43,2491.04
23-Nov-2024 17:50:00,10.264,0.02,0.55,2491.07
23-Nov-2024 17:55:00,11.766,0.016,0.51,2491.11
23-Nov-2024 18:00:00,9.706,0.022,0.54,2491.14
23-Nov-2024 18:05:00,10.446,0.02,0.57,2491.17
23-Nov-2024 18:10:00,11.456,0.022,0.68,2491.21
23-Nov-2024 18:15:00,9.396,0.014,0.35,2491.23
23-Nov-2024 18:20:00,9.798,0.022,0.55,2491.27
23-Nov-2024 18:25:00,9.59,0.018,0.43,2491.29
23-Nov-2024 18:30:00,9.046,0.016,0.35,2491.32
23-Nov-2024 18:35:00,9.396,0.02,0.46,2491.34
23-Nov-2024 18:40:00,9.616,0.02,0.47,2491.37
23-Nov-2024 18:45:00,9.784,0.016,0.4,2491.39
23-Nov-2024 18:50:00,9.538,0.018,0.43,2491.42
23-Nov-2024 18:55:00,9.46,0.016,0.4,2491.44
23-Nov-2024 19:00:00,9.732,0.014,0.36,2491.47
23-Nov-2024 19:05:00,9.512,0.014,0.34,2491.49
23-Nov-2024 19:10:00,9.85,0.016,0.42,2491.51
23-Nov-2024 19:15:00,9.304,0.012,0.27,2491.53
23-Nov-2024 19:20:00,9.188,0.018,0.39,2491.55
23-Nov-2024 19:25:00,9.732,0.018,0.43,2491.58
23-Nov-2024 19:30:00,9.9,0.016,0.39,2491.6
23-Nov-2024 19:35:00,10.976,0.016,0.44,2491.63
23-Nov-2024 19:40:00,10.186,0.016,0.43,2491.65
23-Nov-2024 19:45:00,9.602,0.022,0.54,2491.68
23-Nov-2024 19:50:00,9.512,0.016,0.38,2491.71
23-Nov-2024 19:55:00,9.668,0.02,0.5,2491.74
23-Nov-2024 20:00:00,9.68,0.016,0.4,2491.76
23-Nov-2024 20:05:00,9.37,0.024,0.58,2491.8
23-Nov-2024 20:10:00,8.878,0.02,0.42,2491.82
23-Nov-2024 20:15:00,9.254,0.018,0.4,2491.85
23-Nov-2024 20:20:00,9.266,0.016,0.39,2491.87
23-Nov-2024 20:25:00,9.02,0.014,0.3,2491.89
23-Nov-2024 20:30:00,9.408,0.02,0.45,2491.91
23-Nov-2024 20:35:00,9.006,0.014,0.32,2491.93
23-Nov-2024 20:40:00,9.668,0.016,0.38,2491.96
23-Nov-2024 20:45:00,9.228,0.02,0.44,2491.98
23-Nov-2024 20:50:00,9.266,0.016,0.36,2492
23-Nov-2024 20:55:00,9.538,0.016,0.37,2492.03
23-Nov-2024 21:00:00,9.836,0.016,0.41,2492.05
23-Nov-2024 21:05:00,13.14,0.024,0.87,2492.1
23-Nov-2024 21:10:00,11.598,0.036,1.16,2492.17
23-Nov-2024 21:15:00,10.368,0.036,0.98,2492.23
23-Nov-2024 21:20:00,10.756,0.036,1.02,2492.29
23-Nov-2024 21:25:00,9.486,0.024,0.56,2492.33
23-Nov-2024 21:30:00,10.082,0.026,0.7,2492.37
23-Nov-2024 21:35:00,9.732,0.038,0.95,2492.42
23-Nov-2024 21:40:00,11.118,0.064,1.92,2492.54
23-Nov-2024 21:45:00,9.81,0.038,0.95,2492.6
23-Nov-2024 21:50:00,9.654,0.028,0.7,2492.64
23-Nov-2024 21:55:00,9.862,0.032,0.81,2492.69
23-Nov-2024 22:00:00,10.82,0.028,0.78,2492.74
23-Nov-2024 22:05:00,9.978,0.042,1.08,2492.8
23-Nov-2024 22:10:00,9.876,0.038,0.98,2492.86
23-Nov-2024 22:15:00,9.926,0.038,0.95,2492.92
23-Nov-2024 22:20:00,9.72,0.042,1.05,2492.98
23-Nov-2024 22:25:00,9.526,0.03,0.74,2493.02
23-Nov-2024 22:30:00,10.548,0.034,0.93,2493.08
23-Nov-2024 22:35:00,9.836,0.028,0.72,2493.12
23-Nov-2024 22:40:00,10.64,0.046,1.26,2493.2
23-Nov-2024 22:45:00,10.808,0.054,1.52,2493.29
23-Nov-2024 22:50:00,10.302,0.042,1.12,2493.36
23-Nov-2024 22:55:00,9.862,0.04,1.01,2493.42
23-Nov-2024 23:00:00,10.096,0.038,0.99,2493.48
23-Nov-2024 23:05:00,10.004,0.034,0.89,2493.53
23-Nov-2024 23:10:00,9.978,0.036,0.94,2493.59
23-Nov-2024 23:15:00,10.846,0.054,1.53,2493.68
23-Nov-2024 23:20:00,10.432,0.038,1.04,2493.74
23-Nov-2024 23:25:00,9.552,0.034,0.85,2493.79
23-Nov-2024 23:30:00,9.266,0.036,0.82,2493.84
23-Nov-2024 23:35:00,9.564,0.03,0.71,2493.88
23-Nov-2024 23:40:00,9.396,0.032,0.75,2493.93
23-Nov-2024 23:45:00,9.798,0.026,0.63,2493.96
23-Nov-2024 23:50:00,9.538,0.034,0.84,2494.01
